<?xml version="1.0"?>
<dialogue corpus="trainline" lang="en" id="04">
<turn n="1" speaker="A">
<frag n="1" sp-act="greet" mode="greet-opening">
good afternoon <punc type="stop" />
</frag>
<frag n="2" sp-act="refer" polarity="positive" mode="partial-frag">
Virgin Trainline <punc type="level" />
</frag>
<frag n="3" sp-act="identifySelf" polarity="positive" mode="intro-partial-decl">
Sandra speaking <punc type="stop" />
</frag>
<q-wh n="4" sp-act="reqDirect" polarity="positive" topic="journey" mode="preference2-open-query">
for which journey do you wish to purchase a ticket <punc type="query" />
</q-wh>
</turn>
<turn n="2" speaker="B">
<frag n="5" sp-act="greet" mode="greet-opening">
hi <punc type="level" />
</frag>
<decl n="6" sp-act="direct-expressWish" polarity="positive" topic="location-journey" mode="intent-preference1-decl">
i wanna buy em a ticket for Edinburgh <punc type="stop" />
</decl>
<frag n="7" sp-act="elab-state" polarity="positive" topic="month-date-departure" mode="decl">
to leave em going on the 9th of October <punc type="stop" />
</frag>
</turn>
<turn n="3" speaker="A">
<frag n="8" sp-act="reqInfo" polarity="positive" topic="journey" mode="query">
travelling to <punc type="query" />
</frag>
</turn>
<turn n="4" speaker="B">
<frag n="9" sp-act="answer-refer" polarity="positive" topic="location" mode="decl">
Edinburgh <punc type="stop" />
</frag>
</turn>
<turn n="5" speaker="A">
<frag n="10" sp-act="reqInfo" polarity="positive" mode="query">
from <punc type="query" />
</frag>
</turn>
<turn n="6" speaker="B">
<dm n="11" sp-act="init">
well
</dm>
<dm n="12" sp-act="hesitate">
<pause /> em
</dm>
<q-yn n="13" sp-act="reqInfo" polarity="positive" topic="location-from" mode="exists-closed-query">
is there a train from Liverpool <punc type="query" />
</q-yn>
</turn>
<turn n="7" speaker="A">
<dm n="14" sp-act="init">
now <punc type="level" />
</dm>
<q-yn n="15" sp-act="reqInfo" polarity="positive" topic="creditcard" mode="alternative-closed-query">
do you hold a current credit or debit card <punc type="query" />
</q-yn>
</turn>
<turn n="8" speaker="B">
<yes n="16" sp-act="answer-acknowledge">
yes <punc type="stop" />
</yes>
</turn>
<turn n="9" speaker="A">
<q-yn n="17" sp-act="reqInfo" polarity="positive" topic="number" mode="closed-query">
and is it just for one person <punc type="query" />
</q-yn>
</turn>
<turn n="10" speaker="B">
<decl n="18" sp-act="answer-state" polarity="positive" mode="decl">
it is <punc type="stop" />
</decl>
<yes n="19" sp-act="elab-acknowledge">
yes <punc type="stop" />
</yes>
</turn>
<turn n="11" speaker="A">
<dm n="20" sp-act="init">
so
</dm>
<decl n="21" sp-act="state" polarity="positive" topic="location-to-month-from-date-day" mode="decl">
it's Friday the 9th of October <backchannel content="yes" /> from Liverpool Lime Street to Edinburgh <punc type="stop" />
</decl>
<q-yn n="22" sp-act="reqInfo" polarity="positive" topic="railcard" mode="closed-query">
<pause /> do you have a railcard at all <punc type="query" />
</q-yn>
</turn>
<turn n="12" speaker="B">
<decl n="23" sp-act="answer-state" polarity="negative" mode="report-decl">
i don't <punc type="stop" />
</decl>
<no n="24" sp-act="elab-negate">
no <punc type="stop" />
</no>
</turn>
<turn n="13" speaker="A">
<q-wh n="25" sp-act="reqDirect" polarity="positive" topic="time" mode="preference2-open-query">
what time around would you like to depart <punc type="query" />
</q-wh>
</turn>
<turn n="14" speaker="B">
<dm n="26" sp-act="init">
erm well <punc type="level" />
</dm>
<frag n="27" sp-act="refer" polarity="positive" mode="frag">
saying <punc type="level" />
</frag>
<dm n="28" sp-act="init" mode="report">
actually
</dm>
<decl n="29" sp-act="state" polarity="positive" mode="exists-decl">
i've got a couple of queries first <punc type="stop" />
</decl>
<decl n="30" sp-act="state" polarity="positive" mode="decl">
<pause /> me friends are going up <punc type="stop" />
</decl>
<decl n="31" sp-act="state" polarity="positive" topic="to-location-time-from-enum-departure" mode="decl">
and they're leaving from Wigan at 12:28 to Edinburgh <punc type="stop" />
</decl>
<decl n="32" sp-act="state" polarity="negative" topic="location-number-from-day" mode="constrain-report-decl">
but they said there wasn't <pause /> there was only one a day from Liverpool <punc type="stop" />
</decl>
<decl n="33" sp-act="stateIntent" polarity="positive" topic="number-location-time-from" mode="intent-preference1-reason-decl">
so that's why i wanna know what time the one from Liverpool is <punc type="stop" />
</decl>
</turn>
<turn n="15" speaker="A">
<dm n="34" sp-act="init">
<pause />  well <punc type="level" />
</dm>
<decl n="35" sp-act="predict" polarity="positive" topic="location-time-from" mode="predict-decl">
you'll be able to get the train from Liverpool Lime Street at 11:35 <backchannel content="yes" /> <punc type="stop" />
</decl>
<decl n="36" sp-act="stateConstraint" polarity="positive" topic="time-arrival" mode="constrain-decl">
you have to change at Wigan Northwestern anyway <backchannel content="right" /> to arrive at 12:22 <punc type="stop" />
</decl>
<decl n="37" sp-act="state" polarity="positive" topic="location-time-from-enum-arrival" mode="decl">
then it's the 12:28 from Wigan to arrive in Edinburgh at 15:30 <punc type="stop" />
</decl>
</turn>
<turn n="16" speaker="B">
<dm n="38" sp-act="acknowledge" polarity="positive">
oh right
</dm>
<decl n="39" sp-act="reqConfirm" polarity="positive" topic="to-location-from" mode="query">
so the train from Liverpool goes to Wigan anyway yeah <punc type="query" />
</decl>
</turn>
<turn n="17" speaker="A">
<yes n="40" sp-act="confirm-acknowledge">
yeah <punc type="stop" />
</yes>
</turn>
<turn n="18" speaker="B">
<dm n="41" sp-act="acknowledge" mode="tag">
alright
</dm>
<decl n="42" sp-act="expressPossibility" polarity="positive" mode="poss1-decl">
so  i may as well get on with them in Wigan then <punc type="stop" />
</decl>
<q-wh n="43" sp-act="reqInfo" polarity="positive" topic="journey" mode="query-open-query">
how much is the ticket <punc type="query" />
</q-wh>
<q-yn n="44" sp-act="direct-reqInfo" polarity="positive" mode="query">
can you tell me <punc type="query" />
</q-yn>
</turn>
<turn n="19" speaker="A">
<decl n="45" sp-act="reqConfirm" polarity="positive" topic="journey-from" mode="query">
you want a ticket from Wigan now <punc type="query" />
</decl>
</turn>
<turn n="20" speaker="B">
<yes n="46" sp-act="confirm-acknowledge">
yeah <punc type="stop" />
</yes>
<frag n="47" sp-act="elab-refer" polarity="positive" mode="partial-frag">
on that train <punc type="level" />
</frag>
<frag n="48" sp-act="refer" polarity="positive" mode="decl">
12:28 <punc type="stop" />
</frag>
</turn>
<turn n="21" speaker="A">
<decl n="49" sp-act="stateIntent-hold" polarity="positive" topic="verify" mode="intent-benefit-decl">
<pause length="5s" /> i'll just check that for you <punc type="stop" />
</decl>
</turn>
<turn n="22" speaker="B">
<frag n="50" sp-act="thank">
cheers <punc type="stop" />
</frag>
<frag n="51" sp-act="thank" mode="thank">
thanks <punc type="stop" />
</frag>
</turn>
<turn n="23" speaker="A">
<decl n="52" sp-act="state" polarity="negative" topic="fare-journey" mode="exists-decl">
<pause length="14s" /> there's not any advance purchase tickets left for the 9th now <punc type="stop" />
</decl>
<decl n="53" sp-act="predict" polarity="positive" topic="fare-availability" mode="predict-frag">
<pause /> the cheapest fare that's going to be available is the Saver Return <punc type="level" />
</decl>
<decl n="54" sp-act="state" polarity="positive" topic="fare-enum" mode="decl">
and that's 65 pounds 30 <punc type="stop" />
</decl>
</turn>
<turn n="24" speaker="B">
<decl n="55" sp-act="reqConfirm" polarity="positive" topic="fare" mode="query">
that's the cheapest <punc type="query" />
</decl>
</turn>
<turn n="25" speaker="A">
<yes n="56" sp-act="confirm-acknowledge">
yeah <punc type="stop" />
</yes>
<frag n="57" sp-act="elab-refer-abandon" polarity="positive" topic="fare" mode="abandon">
all the advance <punc type="incomplete" />
</frag>
<decl n="58" sp-act="refer-abandon" polarity="positive" mode="constrain-abandon">
<pause /> the only <punc type="incomplete" />
</decl>
<decl n="59" sp-act="state" polarity="positive" topic="time-enum-arrival" mode="exists-decl">
<pause /> there's a 10:31 arriving at 13:30 <punc type="stop" />
</decl>
<decl n="60" sp-act="state" polarity="positive" topic="fare-enum" mode="decl">
and that's for <pause length="4s" /> 27 pounds return <punc type="stop" />
</decl>
</turn>
<turn n="26" speaker="B">
<dm n="61" sp-act="acknowledge">
<pause /> right
</dm>
<dm n="62" sp-act="hesitate">
<pause /> erm
</dm>
<decl n="63" sp-act="reqConfirm" polarity="negative" mode="exists-query">
<pause length="3s" /> and there's there is no others no <punc type="query" />
</decl>
</turn>
<turn n="27" speaker="A">
<frag n="64" sp-act="confirm-refer" polarity="negative" topic="date" mode="decl">
not that date <punc type="stop" />
</frag>
<no n="65" sp-act="elab-negate">
no <punc type="stop" />
</no>
</turn>
<turn n="28" speaker="B">
<dm n="66" sp-act="acknowledge">
<pause /> right
</dm>
<dm n="67" sp-act="hesitate">
<pause /> erm <pause length="4s" /> 
</dm>
<q-wh n="68" sp-act="suggest-abandon" polarity="positive" mode="closed-abandon">
what about <punc type="incomplete" />
</q-wh>
<q-yn n="69" sp-act="reqInfo" polarity="positive" topic="location" mode="exists-closed">
<pause /> is there any going from <pause /> like any other stations nearby in the region <punc type="query" />
</q-yn>
<frag n="70" sp-act="reqInfo" polarity="positive" topic="location" mode="alternative-query">
<pause /> sort of like Manchester or anything like that <punc type="query" />
</frag>
</turn>
<turn n="29" speaker="A">
<frag n="71" sp-act="hold" polarity="positive" topic="verify" mode="benefit-decl">
<pause length="11s" /> just checking that for you <pause length="9s" /> <punc type="stop" />
</frag>
<decl n="72" sp-act="answer-state" polarity="positive" topic="time-enum-arrival" mode="exists-decl">
there's a 6:11 train in the morning arriving 10:31 <punc type="stop" />
</decl>
</turn>
<turn n="30" speaker="B">
<yes n="73" sp-act="acknowledge">
yeah
</yes>
<q-wh n="74" sp-act="reqInfo" polarity="positive" mode="query-open-query">
<pause /> how much is that <punc type="query" />
</q-wh>
</turn>
<turn n="31" speaker="A">
<frag n="75" sp-act="answer-stateCondition" polarity="positive" topic="fare-availability-location" mode="condition-frag">
<pause length="10s" /> if there return's available <punc type="level" />
</frag>
<frag n="76" sp-act="elab-state" polarity="positive" topic="fare-enum" mode="decl">
27 pounds 50 <punc type="stop" />
</frag>
</turn>
<turn n="32" speaker="B">
<decl n="77" sp-act="reqConfirm" polarity="positive" topic="fare" mode="query">
that's a return <pause /> as well <punc type="query" />
</decl>
</turn>
<turn n="33" speaker="A">
<yes n="78" sp-act="confirm-acknowledge">
yes <punc type="stop" />
</yes>
</turn>
<turn n="34" speaker="B">
<decl n="79" sp-act="reqConfirm" polarity="positive" topic="location-time-departure" mode="query">
and that's leaving Manchester at 6:11 <pause /> <overlap type="start" /> erm <punc type="query" />
</decl>
</turn>
<turn n="35" speaker="A">
<frag n="80" sp-act="confirm-refer" polarity="positive" topic="time" mode="partial-decl">
in <overlap type="end" /> the morning <punc type="stop" />
</frag>
<yes n="81" sp-act="elab-acknowledge">
yeah <punc type="stop" />
</yes>
</turn>
<turn n="36" speaker="B">
<dm n="82" sp-act="acknowledge">
right <punc type="stop" />
</dm>
<decl n="83" sp-act="reqConfirm" polarity="positive" topic="number-time-from-enum-departure" mode="query">
and the other one's <pause /> is leaving at 10:30 from Wigan <punc type="query" />
</decl>
</turn>
<turn n="37" speaker="A">
<dm n="84" sp-act="confirm-acknowledge">
aha <punc type="stop" />
</dm>
</turn>
<turn n="38" speaker="B">
<decl n="85" sp-act="reqConfirm" polarity="positive" topic="enum-fare" mode="query">
and that's 27 50 return as well <punc type="query" />
</decl>
</turn>
<turn n="39" speaker="A">
<dm n="86" sp-act="confirm-acknowledge" mode="tag">
that's correct <punc type="stop" />
</dm>
</turn>
<turn n="40" speaker="B">
<dm n="87" sp-act="acknowledge">
right em <punc type="level" />
</dm>
<q-yn n="88" sp-act="reqOpt" polarity="positive" topic="day" mode="closed-query">
can i be a pain and ask you about Thursday night <punc type="query" />
</q-yn>
<decl n="89" sp-act="reqInfo" polarity="positive" topic="day" mode="exists-condition-query">
if there's anything Thursday night <backchannel content="ok" /> <pause />  from Wigan <punc type="query" />
</decl>
</turn>
<turn n="41" speaker="A">
<frag n="90" sp-act="answer-refer" polarity="positive" topic="day" mode="partial-frag">
<pause length="16s" /> on the Thursday night <punc type="level" />
</frag>
<decl n="91" sp-act="elab-state" polarity="positive" topic="month-date" mode="frag">
that's the 8th of October <punc type="level" />
</decl>
<decl n="92" sp-act="state" polarity="positive" topic="location-time-from-enum-arrival" mode="exists">
there's a train at 17:31 from Wigan <backchannel content="yes" /> arriving in Edinburgh <pause /> 21:08 <pause />
</decl>
<frag n="93" sp-act="refer" polarity="positive" topic="from" mode="partial-frag">
and from <pause /> Wigan <punc type="level" />
</frag>
<decl n="94" sp-act="predict" polarity="positive" topic="fare-availability-enum" mode="predict-decl">
the cheapest fare that's going to be available is the Super Advance Return 27 pounds <punc type="stop" />
</decl>
</turn>
<turn n="42" speaker="B">
<dm n="95" sp-act="acknowledge">
right
</dm>
<decl n="96" sp-act="reqConfirm" polarity="positive" mode="decl">
so it's the same <punc type="stop" />
</decl>
</turn>
<turn n="43" speaker="A">
<yes n="97" sp-act="confirm-acknowledge">
<pause /> yeah <punc type="stop" />
</yes>
</turn>
<turn n="44" speaker="B">
<frag n="98" sp-act="refer" polarity="positive" mode="decl">
same price <punc type="stop" />
</frag>
<dm n="99" sp-act="acknowledge" mode="tag">
<pause /> ok
</dm>
<dm n="100" sp-act="hesitate">
erm
</dm>
<decl n="101" sp-act="stateIntent" polarity="positive" topic="booking-number-time-day" mode="intent-decl">
i'll book on the <pause /> the one on the Friday morning then <punc type="stop" />
</decl>
<frag n="102" sp-act="refer" polarity="positive" mode="decl">
10:30 <punc type="stop" />
</frag>
<decl n="103" sp-act="reqConfirm" polarity="positive" mode="reassurance-tag-condition-frag">
if that's ok <punc type="level" />
</decl>
<q-yn n="104" sp-act="reqInfo" polarity="positive" topic="fare" mode="closed-query">
is that a Super Saver Advance yes <punc type="query" />
</q-yn>
</turn>
<turn n="45" speaker="A">
<dm n="105" sp-act="init">
<pause length="9s" /> now <punc type="level" />
</dm>
<decl n="106" sp-act="stateIntent-hold" polarity="positive" topic="verify" mode="intent-decl">
i'll just double check that again <punc type="stop" />
</decl>
<yes n="107" sp-act="acknowledge">
<pause length="2s" /> yeah <punc type="stop" />
</yes>
<frag n="108" sp-act="answer-refer" polarity="positive" topic="month-from-date-enum-day" mode="decl">
10:31 on Friday the 9th of October from Wigan Northwestern <punc type="stop" />
</frag>
<decl n="109" sp-act="state" polarity="positive" topic="location-time-arrival" mode="decl">
<pause /> you arrive in Edinburgh at 13:30 <backchannel content="yes" /> <punc type="stop" />
</decl>
<dm n="110" sp-act="init">
now <punc type="level" />
</dm>
<q-yn n="111" sp-act="reqInfo" polarity="positive" topic="return" mode="closed-query">
is it you're returning <punc type="query" />
</q-yn>
</turn>
<turn n="46" speaker="B">
<dm n="112" sp-act="hesitate">
erm <pause /> 
</dm>
<q-wh n="113" sp-act="reqInfo" polarity="positive" topic="time-departure" mode="alternative-open-query">
what time does it the train leave or something <punc type="query" />
</q-wh>
<frag n="114" sp-act="reqConfirm" polarity="positive" mode="query">
31 <punc type="query" />
</frag>
</turn>
<turn n="47" speaker="A">
<yes n="115" sp-act="confirm-state">
yeah <punc type="stop" />
</yes>
</turn>
<turn n="48" speaker="B">
<dm n="116" sp-act="acknowledge">
right <punc type="stop" />
</dm>
<dm n="117" sp-act="hesitate">
<pause /> erm <pause length="3s" /> 
</dm>
<decl n="118" sp-act="expressOpinion" polarity="positive" topic="booking" mode="report-opinion-decl">
i think they've booked <punc type="stop" />
</decl>
<decl n="119" sp-act="referReason-abandon" polarity="positive" mode="reason">
cos it's <unclear length="2 syllable" />
</decl>
<decl n="120" sp-act="state" polarity="positive" mode="decl">
they're on the 12:28 <punc type="stop" />
</decl>
<decl n="121" sp-act="expressOpinion" polarity="positive" topic="time-enum-day" mode="opinion-decl">
and i think they're coming back on Sunday the 11th at 5 o'clock <punc type="stop" />
</decl>
<dm n="122" sp-act="init">
<pause /> so <punc type="level" />
</dm>
<decl n="123" sp-act="stateCondition" polarity="positive" mode="poss1-condition-frag">
if i can get on that <punc type="level" />
</decl>
<decl n="124" sp-act="stateIntent" polarity="positive" mode="intent-decl">
i'll go on that <punc type="stop" />
</decl>
</turn>
<turn n="49" speaker="A">
<decl n="125" sp-act="reqConfirm" polarity="positive" topic="location-from-enum" mode="query">
<pause length="12s" /> the 17 hundred from Edinburgh <punc type="query" />
</decl>
</turn>
<turn n="50" speaker="B">
<yes n="126" sp-act="confirm-acknowledge">
yeah <punc type="stop" />
</yes>
</turn>
<turn n="51" speaker="A">
<frag n="127" sp-act="reqConfirm" polarity="positive" topic="time-arrival" mode="query">
arriving in Wigan Northwestern at 19:57 <punc type="query" />
</frag>
</turn>
<turn n="52" speaker="B">
<yes n="128" sp-act="confirm-acknowledge">
yeah <punc type="stop" />
</yes>
</turn>
<turn n="53" speaker="A">
<decl n="129" sp-act="predict" polarity="positive" topic="fare-enum" mode="predict-decl">
<pause length="2s" /> and that'll be 27 pounds return <punc type="stop" />
</decl>
<q-yn n="130" sp-act="reqDirect" polarity="positive" topic="booking" mode="benefit-preference2-closed-query">
<pause /> would you like me to book that for you <punc type="query" />
</q-yn>
</turn>
<turn n="54" speaker="B">
<dm n="131" sp-act="init">
so <punc type="level" />
</dm>
<decl n="132" sp-act="reqConfirm-abandon" polarity="positive" topic="to-location-from-enum-departure-arrival" mode="interruption">
i leave on the 9th 10:31 from Wigan arrive to Edinburgh a... <punc type="incomplete" />
</decl>
</turn>
<turn n="55" speaker="A">
<frag n="133" sp-act="complete" polarity="positive" mode="decl">
13:30 <punc type="stop" />
</frag>
<yes n="134" sp-act="acknowledge">
yeah <punc type="stop" />
</yes>
</turn>
<turn n="56" speaker="B">
<yes n="135" sp-act="echo-acknowledge">
yeah <punc type="stop" />
</yes>
<frag n="136" sp-act="refer" polarity="positive" mode="partial-frag">
and on the 11th <punc type="level" />
</frag>
<decl n="137" sp-act="reqConfirm" polarity="positive" topic="time-enum-departure" mode="frag">
i leave at 5 o'clock <punc type="level" />
</decl>
<decl n="138" sp-act="reqInfo" polarity="positive" topic="arrival" mode="query">
<pause /> i arrive in at <punc type="query" />
</decl>
</turn>
<turn n="57" speaker="A">
<frag n="139" sp-act="answer-refer" polarity="positive" mode="decl">
19:57 <punc type="stop" />
</frag>
</turn>
<turn n="58" speaker="B">
<dm n="140" sp-act="acknowledge" mode="tag">
ok <punc type="stop" />
</dm>
<yes n="141" sp-act="acknowledge">
yeah <punc type="stop" />
</yes>
<imp n="142" sp-act="direct" polarity="positive" topic="booking" mode="decl">
book that for <overlap type="start" /> me <punc type="stop" />
</imp>
</turn>
<turn n="59" speaker="A">
<dm n="143" sp-act="init">
now <overlap type="end" /> <punc type="level" />
</dm>
<q-yn n="144" sp-act="reqInfo" polarity="positive" topic="seat" mode="alternative-closed-query">
is it smoking or non-smoking <punc type="query" />
</q-yn>
</turn>
<turn n="60" speaker="B">
<yes n="145" sp-act="answer-acknowledge">
erm <pause length="5s" /> yeah
</yes>
<dm n="146" sp-act="hesitate">
em
</dm>
<decl n="147" sp-act="state-abandon" polarity="negative" mode="abandon">
i'm not <punc type="incomplete" />
</decl>
<no n="148" sp-act="negate">
no
</no>
<dm n="149" sp-act="init" mode="report">
actually
</dm>
<frag n="150" sp-act="answer-refer" polarity="positive" mode="decl">
non <punc type="stop" />
</frag>
<yes n="151" sp-act="acknowledge">
yeah <punc type="stop" />
</yes>
</turn>
<turn n="61" speaker="A">
<frag n="152" sp-act="reqConfirm" polarity="negative" topic="seat" mode="query">
no smoking <punc type="query" />
</frag>
</turn>
<turn n="62" speaker="B">
<no n="153" sp-act="confirm-negate">
no <punc type="stop" />
</no>
<no n="154" sp-act="elab-negate">
no
</no>
</turn>
<turn n="63" speaker="A">
<dm n="155" sp-act="init">
now <punc type="level" />
</dm>
<decl n="156" sp-act="state" polarity="positive" topic="number-journey-date" mode="benefit-decl">
the dates times and seat numbers are printed on the tickets for you <punc type="stop" />
</decl>
<decl n="157" sp-act="stateConstraint" polarity="positive" topic="booking-date" mode="constrain-decl">
<pause /> you must stick the dates and times that you book <punc type="stop" />
</decl>
<decl n="158" sp-act="stateCondition" polarity="negative" topic="journey-cancel" mode="poss2-condition-frag">
<pause /> if you can't make your journey and wish to cancel <punc type="level" />
</decl>
<decl n="159" sp-act="stateConstraint" polarity="positive" topic="time-journey-enum-day-cancel" mode="constrain-decl">
<pause /> you must cancel by 2 o'clock the day before travel <punc type="stop" />
</decl>
<decl n="160" sp-act="state" polarity="positive" topic="fare-refund-enum" mode="decl">
and it's a full refund less 5 pounds <punc type="stop" />
</decl>
</turn>
<turn n="64" speaker="B">
<yes n="161" sp-act="acknowledge">
yeah <punc type="stop" />
</yes>
</turn>
<turn n="65" speaker="A">
<decl n="162" sp-act="stateCondition" polarity="positive" topic="time-enum" mode="condition-frag">
if it's after the 2 o'clock deadline <punc type="level" />
</decl>
<frag n="163" sp-act="refer" polarity="positive" topic="time-departure" mode="constrain-frag">
but before departure time of the train <punc type="level" />
</frag>
<decl n="164" sp-act="state" polarity="positive" topic="enum-fare-refund" mode="decl">
it's a 50 percent refund less 5 pounds <backchannel content="right" /> <punc type="stop" />
</decl>
<decl n="165" sp-act="stateCondition" polarity="positive" topic="journey" mode="preference2-condition-frag">
and if you wanted to change any of the times of travel <punc type="level" />
</decl>
<decl n="166" sp-act="stateConstraint" polarity="positive" topic="time-enum-day" mode="constrain-frag">
you must do so by 2 o'clock the day before <punc type="level" />
</decl>
<frag n="167" sp-act="refer" polarity="positive" topic="fare-availability-enum" mode="constrain-decl">
again subject to availability and 5 pounds charge <punc type="stop" />
</frag>
</turn>
<turn n="66" speaker="B">
<dm n="168" sp-act="acknowledge">
right
</dm>
<dm n="169" sp-act="acknowledge" mode="tag">
ok
</dm>
</turn>
<turn n="67" speaker="A">
<dm n="170" sp-act="init">
now <punc type="level" />
</dm>
<frag n="171" sp-act="reqInfo" polarity="positive" topic="name" mode="query">
your surname <punc type="query" />
</frag>
</turn>
<turn n="68" speaker="B">
<frag n="172" sp-act="answer-refer" polarity="positive" mode="decl">
<anonym type="name" /> <punc type="stop" />
</frag>
<frag n="173" sp-act="elab-refer" polarity="positive" mode="decl">
<anonym type="letter" /> <anonym type="letter" /> <anonym type="letter" /> <anonym type="letter" /> <anonym type="letter" /> <punc type="stop" />
</frag>
</turn>
<turn n="69" speaker="A">
<frag n="174" sp-act="reqInfo" polarity="positive" topic="name" mode="query">
and your initial <punc type="query" />
</frag>
</turn>
<turn n="70" speaker="B">
<frag n="175" sp-act="answer-refer" polarity="positive" mode="decl">
<anonym type="letter" /> <punc type="stop" />
</frag>
</turn>
<turn n="71" speaker="A">
<frag n="176" sp-act="reqInfo" polarity="positive" topic="telephone-number" mode="query">
and your contact telephone number <punc type="query" />
</frag>
</turn>
<turn n="72" speaker="B">
<frag n="177" sp-act="answer-refer" polarity="positive" topic="enum" mode="frag">
0 1 0 6 <punc type="level" />
</frag>
</turn>
<turn n="73" speaker="A">
<dm n="178" sp-act="acknowledge">
aha <punc type="stop" />
</dm>
</turn>
<turn n="74" speaker="B">
<frag n="179" sp-act="refer" polarity="positive" topic="enum" mode="frag">
6 0 7 <punc type="level" />
</frag>
</turn>
<turn n="75" speaker="A">
<dm n="180" sp-act="acknowledge">
aha <punc type="stop" />
</dm>
</turn>
<turn n="76" speaker="B">
<frag n="181" sp-act="refer" polarity="positive" topic="enum" mode="decl">
0 7 0 0 <punc type="stop" />
</frag>
</turn>
<turn n="77" speaker="A">
<frag n="182" sp-act="reqInfo" polarity="positive" topic="creditcard-address" mode="query">
and your postcode to where your credit card is registered to <punc type="query" />
</frag>
</turn>
<turn n="78" speaker="B">
<frag n="183" sp-act="answer-refer" polarity="positive" topic="enum" mode="frag">
<anonym type="letter" /> 7 6 <punc type="level" />
</frag>
</turn>
<turn n="79" speaker="A">
<dm n="184" sp-act="acknowledge">
aha <punc type="stop" />
</dm>
</turn>
<turn n="80" speaker="B">
<frag n="185" sp-act="refer" polarity="positive" topic="enum" mode="decl">
0 <anonym type="letter" /> <anonym type="letter" /> <punc type="stop" />
</frag>
</turn>
<turn n="81" speaker="A">
<imp n="186" sp-act="direct" polarity="positive" topic="confirm-address" mode="request-decl">
and confirm that address for me please <punc type="stop" />
</imp>
</turn>
<turn n="82" speaker="B">
<frag n="187" sp-act="refer" polarity="positive" topic="enum" mode="frag">
70 <anonym type="street" /> Grove <punc type="level" />
</frag>
<frag n="188" sp-act="refer" polarity="positive" mode="frag">
<anonym type="street" /> Park <punc type="level" />
</frag>
<frag n="189" sp-act="refer" polarity="positive" mode="frag">
Prescott <punc type="level" />
</frag>
<frag n="190" sp-act="refer" polarity="positive" mode="decl">
Merseyside <punc type="stop" />
</frag>
</turn>
<turn n="83" speaker="A">
<dm n="191" sp-act="init">
now <punc type="level" />
</dm>
<decl n="192" sp-act="predict" polarity="positive" topic="journey" mode="predict-decl">
that's where the ticket will be posted out to <punc type="stop" />
</decl>
</turn>
<turn n="84" speaker="B">
<dm n="193" sp-act="acknowledge" mode="tag">
ok <punc type="stop" />
</dm>
</turn>
<turn n="85" speaker="A">
<q-wh n="194" sp-act="reqInfo" polarity="positive" topic="creditcard" mode="open-query">
and what type of credit card is that you hold <punc type="query" />
</q-wh>
</turn>
<turn n="86" speaker="B">
<frag n="195" sp-act="answer-refer" polarity="positive" topic="creditcard" mode="decl">
worldwide Master card <punc type="stop" />
</frag>
</turn>
<turn n="87" speaker="A">
<decl n="196" sp-act="direct-refer" polarity="positive" topic="number" mode="request-decl">
and the number please <punc type="stop" />
</decl>
</turn>
<turn n="88" speaker="B">
<frag n="197" sp-act="refer" polarity="positive" topic="enum" mode="frag">
0 0 7 2 <punc type="level" />
</frag>
</turn>
<turn n="89" speaker="A">
<frag n="198" sp-act="echo-refer" polarity="positive" topic="enum" mode="frag">
0 0 7 2 <punc type="level" />
</frag>
</turn>
<turn n="90" speaker="B">
<frag n="199" sp-act="refer" polarity="positive" topic="enum" mode="frag">
4 0 double 2 <punc type="level" />
</frag>
</turn>
<turn n="91" speaker="A">
<frag n="200" sp-act="echo-refer" polarity="positive" topic="enum" mode="frag">
4 0 double 2 <punc type="level" />
</frag>
</turn>
<turn n="92" speaker="B">
<frag n="201" sp-act="refer" polarity="positive" topic="enum" mode="frag">
0 5 1 5 <punc type="level" />
</frag>
</turn>
<turn n="93" speaker="A">
<frag n="202" sp-act="echo-refer" polarity="positive" topic="enum" mode="frag">
0 5 1 5 <punc type="level" />
</frag>
</turn>
<turn n="94" speaker="B">
<frag n="203" sp-act="refer" polarity="positive" topic="enum" mode="decl">
4 6 2 7 <punc type="stop" />
</frag>
</turn>
<turn n="95" speaker="A">
<frag n="204" sp-act="echo-refer" polarity="positive" topic="enum" mode="decl">
4 6 2 7 <punc type="stop" />
</frag>
<frag n="205" sp-act="reqInfo" polarity="positive" topic="creditcard" mode="query">
and the expiry date <punc type="query" />
</frag>
</turn>
<turn n="96" speaker="B">
<decl n="206" sp-act="answer-state" polarity="positive" mode="decl">
it's 7th 2000 <punc type="stop" />
</decl>
</turn>
<turn n="97" speaker="A">
<dm n="207" sp-act="init">
now <punc type="level" />
</dm>
<decl n="208" sp-act="predict" polarity="positive" topic="booking-fare-enum" mode="decl">
27 pounds will be debited from that account <punc type="stop" />
</decl>
<dm n="209" sp-act="init">
now <punc type="level" />
</dm>
<q-yn n="210" sp-act="reqInfo" polarity="positive" mode="closed-query">
do you have a pen handy <punc type="query" />
</q-yn>
</turn>
<turn n="98" speaker="B">
<decl n="211" sp-act="answer-state" polarity="positive" mode="decl">
i certainly do <punc type="stop" />
</decl>
</turn>
<turn n="99" speaker="A">
<decl n="212" sp-act="state" polarity="positive" topic="booking-number-journey" mode="decl">
this is your reference number your tickets are being booked under <punc type="stop" />
</decl>
<decl n="213" sp-act="state" polarity="positive" mode="frag">
<pause /> and it's <anonym type="letter" /> for <anonym type="alpha" /> <anonym type="letter" /> for <anonym type="alpha" /> <punc type="level" />
</decl>
</turn>
<turn n="100" speaker="B">
<yes n="214" sp-act="acknowledge">
yeah <punc type="stop" />
</yes>
</turn>
<turn n="101" speaker="A">
<frag n="215" sp-act="refer" polarity="positive" mode="frag">
<anonym type="letter" /> <anonym type="alpha" /> <punc type="level" />
</frag>
</turn>
<turn n="102" speaker="B">
<yes n="216" sp-act="acknowledge">
yeah <punc type="stop" />
</yes>
</turn>
<turn n="103" speaker="A">
<frag n="217" sp-act="refer" polarity="positive" topic="enum" mode="decl">
7 <anonym type="letter" /> <anonym type="alpha" /> <punc type="stop" />
</frag>
</turn>
<turn n="104" speaker="B">
<dm n="218" sp-act="acknowledge">
right <punc type="stop" />
</dm>
</turn>
<turn n="105" speaker="A">
<decl n="219" sp-act="predict" polarity="positive" topic="journey-time-day" mode="predict-decl">
and the tickets will be posted out in the first class post tomorrow morning to <overlap type="start" /> you <punc type="stop" />
</decl>
</turn>
<turn n="106" speaker="B">
<dm n="220" sp-act="acknowledge" mode="tag">
ok
</dm>
<q-yn n="221" sp-act="reqOpt" polarity="positive" topic="booking" mode="request-closed-query">
<overlap type="end" /> can i just repeat the reference please <punc type="query" />
</q-yn>
</turn>
<turn n="107" speaker="A">
<yes n="222" sp-act="stateOpt-acknowledge">
yes <punc type="stop" />
</yes>
</turn>
<turn n="108" speaker="B">
<frag n="223" sp-act="refer" polarity="positive" mode="frag">
<anonym type="letter" /> <anonym type="letter" /> <anonym type="letter" /> <punc type="level" />
</frag>
</turn>
<turn n="109" speaker="A">
<dm n="224" sp-act="acknowledge">
aha <punc type="stop" />
</dm>
</turn>
<turn n="110" speaker="B">
<frag n="225" sp-act="refer" polarity="positive" topic="enum" mode="decl">
4 0 0 7 <anonym type="letter" /> <punc type="stop" />
</frag>
</turn>
<turn n="111" speaker="A">
<dm n="226" sp-act="agree" mode="tag">
that's correct <punc type="stop" />
</dm>
<dm n="227" sp-act="reqConfirm" mode="query">
ok now <punc type="query" />
</dm>
<address n="228" sp-act="refer">
Sir
</address>
</turn>
<turn n="112" speaker="B">
<dm n="229" sp-act="confirm-acknowledge" mode="tag">
ok <punc type="stop" />
</dm>
<dm n="230" sp-act="approve">
excellent <punc type="stop" />
</dm>
</turn>
<turn n="113" speaker="A">
<frag n="231" sp-act="thank" mode="thank-intro">
thank you for calling <punc type="stop" />
</frag>
<frag n="232" sp-act="bye" mode="farewell-closing">
<overlap type="start" /> bye
</frag>
</turn>
<turn n="114" speaker="B">
<frag n="233" sp-act="echo-bye" mode="farewell-closing">
bye <overlap type="end" /> <punc type="stop" />
</frag>
</turn>
</dialogue>