<?xml version="1.0"?>
<dialogue corpus="trainline" lang="en" id="15">
<turn n="1" speaker="A">
<frag n="1" sp-act="greet" mode="greet-opening">
good afternoon <punc type="stop" />
</frag>
<frag n="2" sp-act="refer" polarity="positive" mode="frag">
Virgin Trainlines <punc type="level" />
</frag>
<frag n="3" sp-act="identifySelf" polarity="positive" mode="intro-partial-decl">
Sandra speaking <punc type="stop" />
</frag>
<q-wh n="4" sp-act="reqDirect" polarity="positive" topic="journey" mode="preference2-open-query">
for which journey do you wish to purchase a ticket <punc type="query" />
</q-wh>
</turn>
<turn n="2" speaker="B">
<dm n="5" sp-act="hesitate">
erm erm
</dm>
<frag n="6" sp-act="direct-refer" polarity="positive" topic="location-to-time-day" mode="decl">
Warrington to London tomorrow morning on the 8:44 <punc type="stop" />
</frag>
</turn>
<turn n="3" speaker="A">
<dm n="7" sp-act="init">
now <punc type="level" />
</dm>
<q-yn n="8" sp-act="reqInfo" polarity="positive" topic="creditcard" mode="closed-query">
is it yourself that is the credit card holder <punc type="query" />
</q-yn>
</turn>
<turn n="4" speaker="B">
<dm n="9" sp-act="pardon" mode="regret">
sorry <punc type="stop" />
</dm>
</turn>
<turn n="5" speaker="A">
<q-yn n="10" sp-act="reqInfo" polarity="positive" topic="creditcard" mode="alternative-closed-query">
do you hold a current credit or debit card <punc type="query" />
</q-yn>
</turn>
<turn n="6" speaker="B">
<yes n="11" sp-act="answer-acknowledge">
yes <punc type="stop" />
</yes>
<decl n="12" sp-act="elab-state" polarity="positive" topic="booking" mode="decl">
the person i'm booking for does <punc type="stop" />
</decl>
</turn>
<turn n="7" speaker="A">
<dm n="13" sp-act="acknowledge" mode="tag">
ok <punc type="stop" />
</dm>
<q-yn n="14" sp-act="reqInfo" polarity="positive" topic="journey-railcard" mode="closed-query">
<pause /> and does the person have a railcard who's travelling <punc type="query" />
</q-yn>
</turn>
<turn n="8" speaker="B">
<dm n="15" sp-act="pardon" mode="regret">
sorry <punc type="query" />
</dm>
<yes n="16" sp-act="acknowledge">
yes <punc type="stop" />
</yes>
<decl n="17" sp-act="state" polarity="positive" topic="time" mode="report-decl">
i've already spoken to somebody earlier <punc type="stop" />
</decl>
<decl n="18" sp-act="state" polarity="positive" topic="railcard" mode="decl">
he has a a family railcard <punc type="stop" />
</decl>
</turn>
<turn n="9" speaker="A">
<q-wh n="19" sp-act="reqInfo" polarity="positive" topic="number-journey" mode="query-open-query">
and how many people's travelling <punc type="query" />
</q-wh>
</turn>
<turn n="10" speaker="B">
<frag n="20" sp-act="answer-refer" polarity="positive" topic="enum" mode="decl">
5 adults and 4 children <punc type="stop" />
</frag>
<decl n="21" sp-act="elab-state" polarity="positive" topic="fare-enum" mode="frag">
<pause />  <unclear length="5_syllables" /> pay 46 pound 50 <punc type="level" />
</decl>
<decl n="22" sp-act="state" polarity="positive" topic="fare-enum" mode="decl">
<pause /> the rest of the adults pay 30 pounds 70 <punc type="stop" />
</decl>
<decl n="23" sp-act="state" polarity="positive" topic="fare" mode="decl">
and it's <unclear length="2_syllables" /> pound per child <punc type="stop" />
</decl>
<q-yn n="24" sp-act="reqConfirm" polarity="positive" mode="tag-closed-query">
<pause /> is that right <punc type="query" />
</q-yn>
</turn>
<turn n="11" speaker="A">
<dm n="25" sp-act="confirm-acknowledge">
right <punc type="stop" />
</dm>
<dm n="26" sp-act="init">
now <punc type="level" />
</dm>
<q-wh n="27" sp-act="reqInfo" polarity="positive" topic="time-day" mode="open-query">
what time tomorrow <punc type="query" />
</q-wh>
<decl n="28" sp-act="reqConfirm" polarity="positive" mode="report-query">
you said 8:44 <punc type="query" />
</decl>
</turn>
<turn n="12" speaker="B">
<yes n="29" sp-act="confirm-acknowledge">
er yes <punc type="stop" />
</yes>
<frag n="30" sp-act="elab-state" polarity="positive" topic="time-arrival" mode="decl">
<pause /> arriving at 11:15 <punc type="stop" />
</frag>
</turn>
<turn n="13" speaker="A">
<dm n="31" sp-act="init">
<pause length="7s" /> now <punc type="level" />
</dm>
<decl n="32" sp-act="stateIntent" polarity="positive" topic="journey" mode="intent-constrain-decl">
i'm going to have to arrange for the person to collect the tickets at the train station <punc type="stop" />
</decl>
<dm n="33" sp-act="init">
so <punc type="level" />
</dm>
<decl n="34" sp-act="hold" polarity="positive" mode="hold-condition-frag">
if you just bear with me <punc type="level" />
</decl>
<decl n="35" sp-act="stateIntent-hold" polarity="positive" topic="booking" mode="intent-report-hold-decl">
i'm just going to get a booking form to fill in refax to the train station <punc type="stop" />
</decl>
</turn>
<turn n="14" speaker="B">
<dm n="36" sp-act="acknowledge" mode="tag">
ok <punc type="stop" />
</dm>
<frag n="37" sp-act="thank" mode="thank">
thanks <punc type="stop" />
</frag>
</turn>
<turn n="15" speaker="A">
<dm n="38" sp-act="init">
<pause length="6s" /> now <punc type="level" />
</dm>
<q-wh n="39" sp-act="reqInfo" polarity="positive" topic="time-return" mode="open-query">
when is it they're returning <punc type="query" />
</q-wh>
</turn>
<turn n="16" speaker="B">
<dm n="40" sp-act="pardon" mode="regret">
sorry <punc type="query" />
</dm>
</turn>
<turn n="17" speaker="A">
<q-wh n="41" sp-act="reqInfo" polarity="positive" topic="time-return" mode="open-query">
when is it they're returning <punc type="query" />
</q-wh>
</turn>
<turn n="18" speaker="B">
<frag n="42" sp-act="answer-refer" polarity="positive" topic="day" mode="decl">
Sunday <punc type="stop" />
</frag>
<frag n="43" sp-act="elab-refer" polarity="positive" mode="decl">
<pause /> on the 15:35 <punc type="stop" />
</frag>
</turn>
<turn n="19" speaker="A">
<q-wh n="44" sp-act="reqInfo" polarity="positive" topic="time-day" mode="open-query">
<pause length="2s" /> what time was Sunday <punc type="query" />
</q-wh>
</turn>
<turn n="20" speaker="B">
<frag n="45" sp-act="answer-refer" polarity="positive" mode="decl">
15:35 <punc type="stop" />
</frag>
</turn>
<turn n="21" speaker="A">
<decl n="46" sp-act="reqConfirm" polarity="positive" topic="day" mode="query">
<pause length="7s" /> and that's Sunday the 4th <punc type="query" />
</decl>
</turn>
<turn n="22" speaker="B">
<yes n="47" sp-act="confirm-acknowledge">
<pause /> yeah <punc type="stop" />
</yes>
</turn>
<turn n="23" speaker="A">
<dm n="48" sp-act="init">
<pause length="19s" /> now <punc type="level" />
</dm>
<decl n="49" sp-act="state" polarity="positive" topic="location-time-from-enum-day-arrival" mode="frag">
the 15:35 on Sunday from Euston arrives back in Warrington Bank Quay at 18:03 <punc type="level" />
</decl>
</turn>
<turn n="24" speaker="B">
<frag n="50" sp-act="echo-refer" polarity="positive" mode="decl">
18:03 <punc type="stop" />
</frag>
</turn>
<turn n="25" speaker="A">
<decl n="51" sp-act="state" polarity="positive" topic="location-time-enum-day-arrival" mode="decl">
then the outward service tomorrow in 8:34 arrives at London 11:15 <punc type="stop" />
</decl>
</turn>
<turn n="26" speaker="B">
<yes n="52" sp-act="acknowledge">
yeah <punc type="stop" />
</yes>
<frag n="53" sp-act="uninterpretable" polarity="positive">
<pause /> <unclear length="1_syllable" />
</frag>
</turn>
<turn n="27" speaker="A">
<dm n="54" sp-act="init">
<pause length="3s" /> so <punc type="level" />
</dm>
<decl n="55" sp-act="reqConfirm" polarity="positive" topic="enum-railcard" mode="query">
it's 4 adults and 4 children on 6 family railcard <punc type="query" />
</decl>
</turn>
<turn n="28" speaker="B">
<no n="56" sp-act="negate">
no <punc type="stop" />
</no>
<frag n="57" sp-act="elab-refer" polarity="positive" topic="enum" mode="decl">
5 adults 4 children <punc type="stop" />
</frag>
</turn>
<turn n="29" speaker="A">
<decl n="58" sp-act="stateConstraint" polarity="positive" topic="enum" mode="poss2-constrain-decl">
<pause /> you can only get up to 4 adults on a family card <punc type="stop" />
</decl>
</turn>
<turn n="30" speaker="B">
<yes n="59" sp-act="acknowledge">
yeah <punc type="stop" />
</yes>
<decl n="60" sp-act="state" polarity="positive" topic="fare-enum" mode="report-exists-decl">
but then there's the <unclear length="1_syllable" /> said <unclear length="2_syllables" /> 46 pound 50 <punc type="stop" />
</decl>
<q-yn n="61" sp-act="reqConfirm" polarity="positive" mode="tag-closed-query">
is that right <punc type="query" />
</q-yn>
</turn>
<turn n="31" speaker="A">
<yes n="62" sp-act="confirm-acknowledge">
<pause /> yeah <punc type="stop" />
</yes>
<frag n="63" sp-act="elab-refer" polarity="positive" topic="enum" mode="decl-disflu">
they <pause /> the 4 <pause /> the 5 adults <punc type="level" />
</frag>
<decl n="64" sp-act="predict" polarity="positive" topic="enum-railcard" mode="decl">
4 of them will go on the railcard <punc type="stop" />
</decl>
<decl n="65" sp-act="predict" polarity="positive" topic="fare-number" mode="constrain-frag">
one'll have to pay a normal fare <punc type="level" />
</decl>
<frag n="66" sp-act="refer" polarity="positive" topic="fare-enum" mode="decl">
46 <backchannel content="yeah" /> pounds 50 <punc type="stop" />
</frag>
</turn>
<turn n="32" speaker="B">
<dm n="67" sp-act="agree" mode="reassurance-tag">
that's right <punc type="stop" />
</dm>
</turn>
<turn n="33" speaker="A">
<dm n="68" sp-act="init">
so <punc type="level" />
</dm>
<decl n="69" sp-act="state-refer" polarity="positive" topic="enum-railcard" mode="decl">
it's 4 adults and 4 children with the family railcard discount <punc type="stop" />
</decl>
</turn>
<turn n="34" speaker="B">
<yes n="70" sp-act="acknowledge">
yes <punc type="stop" />
</yes>
</turn>
<turn n="35" speaker="A">
<decl n="71" sp-act="state" polarity="positive" topic="number-fare-enum" mode="decl">
and the total cost is going to be 155 pounds for the four adults and four children <punc type="stop" />
</decl>
</turn>
<turn n="36" speaker="B">
<dm n="72" sp-act="acknowledge">
right <punc type="stop" />
</dm>
</turn>
<turn n="37" speaker="A">
<decl n="73" sp-act="stateIntent" polarity="positive" topic="booking-number" mode="intent-decl">
<pause length="6s" /> and then i'll book the one <punc type="stop" />
</decl>
</turn>
<turn n="38" speaker="B">
<frag n="74" sp-act="refer" polarity="positive" mode="decl">
<pause /> the other adult <punc type="stop" />
</frag>
</turn>
<turn n="39" speaker="A">
<yes n="75" sp-act="acknowledge">
yeah <punc type="stop" />
</yes>
<dm n="76" sp-act="init">
<pause length="7s" /> now <punc type="level" />
</dm>
<decl n="77" sp-act="hold" polarity="positive" mode="hold-condition-frag">
if you just bear with me <punc type="level" />
</decl>
<decl n="78" sp-act="stateConstraint" polarity="positive" topic="number-journey-enum" mode="constrain-report-reason-decl">
we need to actually fill out the form twice because it's classed as two separate journeys <pause /> with it being 1 with a railcard <punc type="stop" />
</decl>
<dm n="79" sp-act="init">
you know <punc type="level" />
</dm>
<frag n="80" sp-act="refer" polarity="positive" topic="enum-railcard" mode="decl">
1 family railcard and 1 without <punc type="stop" />
</frag>
<dm n="81" sp-act="init">
so <punc type="level" />
</dm>
<imp n="82" sp-act="hold" polarity="positive" mode="hold-decl">
just bear with me <punc type="stop" />
</imp>
</turn>
<turn n="40" speaker="B">
<dm n="83" sp-act="acknowledge" mode="tag">
ok <punc type="stop" />
</dm>
<frag n="84" sp-act="thank" mode="thank">
thanks <punc type="stop" />
</frag>
</turn>
<turn n="41" speaker="A">
<dm n="85" sp-act="init">
<pause length="12s" /> now <punc type="level" />
</dm>
<frag n="86" sp-act="reqInfo" polarity="positive" topic="name-creditcard" mode="query">
the surname of the credit card holder <punc type="query" />
</frag>
</turn>
<turn n="42" speaker="B">
<dm n="87" sp-act="pardon" mode="regret">
sorry <punc type="query" />
</dm>
</turn>
<turn n="43" speaker="A">
<frag n="88" sp-act="reqInfo" polarity="positive" topic="name-creditcard" mode="query">
the surname of the credit card holder <punc type="query" />
</frag>
</turn>
<turn n="44" speaker="B">
<frag n="89" sp-act="answer-refer" polarity="positive" mode="decl">
<anonym type="name" /> <punc type="stop" />
</frag>
</turn>
<turn n="45" speaker="A">
<frag n="90" sp-act="reqInfo" polarity="positive" topic="name" mode="query">
and the initial <punc type="query" />
</frag>
</turn>
<turn n="46" speaker="B">
<frag n="91" sp-act="answer-refer" polarity="positive" mode="decl">
<anonym type="letter" /> <punc type="stop" />
</frag>
</turn>
<turn n="47" speaker="A">
<frag n="92" sp-act="reqInfo" polarity="positive" topic="name" mode="query">
and the title <punc type="query" />
</frag>
</turn>
<turn n="48" speaker="B">
<frag n="93" sp-act="answer-refer" polarity="positive" mode="decl">
Mr <punc type="stop" />
</frag>
</turn>
<turn n="49" speaker="A">
<frag n="94" sp-act="echo-refer" polarity="positive" mode="decl">
Mr <punc type="stop" />
</frag>
<decl n="95" sp-act="reqConfirm" polarity="positive" topic="journey-day" mode="query">
<pause /> and it's Mr <anonym type="name" /> who's collecting the tickets tomorrow yeah <punc type="query" />
</decl>
</turn>
<turn n="50" speaker="B">
<yes n="96" sp-act="confirm-acknowledge">
yeah <punc type="stop" />
</yes>
</turn>
<turn n="51" speaker="A">
<dm n="97" sp-act="init">
and now <punc type="level" />
</dm>
<decl n="98" sp-act="reqInfo" polarity="positive" topic="creditcard-address" mode="query">
the postcode to where the credit card is registered to <punc type="query" />
</decl>
</turn>
<turn n="52" speaker="B">
<dm n="99" sp-act="hesitate">
erm <pause /> 
</dm>
<frag n="100" sp-act="reqConfirm" polarity="positive" topic="railcard" mode="query">
the railcard <punc type="query" />
</frag>
</turn>
<turn n="53" speaker="A">
<no n="101" sp-act="negate">
no <punc type="stop" />
</no>
<no n="102" sp-act="elab-negate">
no <punc type="stop" />
</no>
<decl n="103" sp-act="correct" polarity="positive" topic="creditcard" mode="decl">
the credit card <punc type="stop" />
</decl>
</turn>
<turn n="54" speaker="B">
<decl n="104" sp-act="state" polarity="positive" mode="decl">
it's a Diner's card <punc type="stop" />
</decl>
<dm n="105" sp-act="hesitate">
erm <pause /> 
</dm>
<frag n="106" sp-act="expressNonAwareness" polarity="negative" topic="address" mode="report-nonawareness-partial-decl">
postcode i don't know <punc type="stop" />
</frag>
</turn>
<turn n="55" speaker="A">
<dm n="107" sp-act="init">
well <punc type="level" />
</dm>
<decl n="108" sp-act="direct-state" polarity="positive" topic="creditcard-address" mode="report-constrain-decl">
i need the full credit card address <punc type="stop" />
</decl>
</turn>
<turn n="56" speaker="B">
<dm n="109" sp-act="acknowledge">
right <punc type="stop" />
</dm>
<imp n="110" sp-act="hold" polarity="positive" mode="hold-decl">
hold on a second <punc type="stop" />
</imp>
</turn>
<turn n="57" speaker="A">
<yes n="111" sp-act="acknowledge">
yeah <punc type="stop" />
</yes>
</turn>
<turn n="58" speaker="B">
<frag n="112" sp-act="init" mode="query">
<pause length="10s" /> hello <punc type="query" />
</frag>
</turn>
<turn n="59" speaker="A">
<frag n="113" sp-act="echo-init" mode="greet">
hello <punc type="stop" />
</frag>
</turn>
<turn n="60" speaker="B">
<decl n="114" sp-act="state" polarity="positive" topic="number" mode="exists-constrain-decl">
the only thing i've got is his number <punc type="stop" />
</decl>
<decl n="115" sp-act="state" polarity="negative" topic="address" mode="report-decl">
<pause /> i don't have an address <punc type="stop" />
</decl>
</turn>
<turn n="61" speaker="A">
<decl n="116" sp-act="stateConstraint" polarity="positive" topic="creditcard-address" mode="constrain-decl">
but we do need the credit card address details <punc type="stop" />
</decl>
</turn>
<turn n="62" speaker="B">
<dm n="117" sp-act="acknowledge">
<pause /> <overlap type="start" /> right
</dm>
</turn>
<turn n="63" speaker="A">
<decl n="118" sp-act="expressImPossibility" polarity="negative" topic="booking" mode="poss1-decl">
we <overlap type="end" /> can't take a booking without it <punc type="stop" />
</decl>
</turn>
<turn n="64" speaker="B">
<dm n="119" sp-act="acknowledge">
right <punc type="stop" />
</dm>
<imp n="120" sp-act="hold" polarity="positive" mode="hold-decl">
hold on a second <punc type="stop" />
</imp>
</turn>
<turn n="65" speaker="A">
<yes n="121" sp-act="acknowledge">
yeah <punc type="stop" />
</yes>
</turn>
<turn n="66" speaker="B">
<decl n="122" sp-act="state" polarity="positive" mode="exists-decl">
<pause length="18s" /> it's i've got it <punc type="stop" />
</decl>
<decl n="123" sp-act="state" polarity="positive" mode="decl">
it's American Express <punc type="stop" />
</decl>
</turn>
<turn n="67" speaker="A">
<dm n="124" sp-act="acknowledge">
right <punc type="stop" />
</dm>
<dm n="125" sp-act="init">
well <punc type="level" />
</dm>
<decl n="126" sp-act="expressRegret" polarity="negative" topic="booking-address" mode="regret-poss1-decl">
i'm afraid i can't take the booking until you find the appropriate address <punc type="stop" />
</decl>
<q-yn n="127" sp-act="reqInfo" polarity="negative" topic="booking-journey" mode="query">
do you not know the person who you're booking the travel for <punc type="query" />
</q-yn>
</turn>
<turn n="68" speaker="B">
<yes n="128" sp-act="answer-acknowledge">
yes <punc type="stop" />
</yes>
<decl n="129" sp-act="elab-state" polarity="positive" mode="decl">
i do <punc type="stop" />
</decl>
</turn>
<turn n="69" speaker="A">
<dm n="130" sp-act="acknowledge">
right <punc type="stop" />
</dm>
<q-yn n="131" sp-act="reqInfo" polarity="negative" topic="address" mode="query">
do you not know where the bill and address is the bill's sent to <punc type="query" />
</q-yn>
<q-yn n="132" sp-act="reqInfo" polarity="positive" topic="location" mode="closed-query">
<pause /> is he there just now <punc type="query" />
</q-yn>
</turn>
<turn n="70" speaker="B">
<no n="133" sp-act="answer-state">
no <punc type="stop" />
</no>
<decl n="134" sp-act="elab-state" polarity="negative" mode="decl">
he's not <punc type="stop" />
</decl>
<decl n="135" sp-act="state" polarity="positive" mode="decl">
he's in a meeting <punc type="stop" />
</decl>
</turn>
<turn n="71" speaker="A">
<dm n="136" sp-act="acknowledge">
right <punc type="stop" />
</dm>
<dm n="137" sp-act="init">
well <punc type="level" />
</dm>
<decl n="138" sp-act="expressRegret-predict" polarity="positive" topic="booking-journey" mode="intent-regret-constrain-decl">
i'm afraid you... we're going to have to wait until he comes out of the meeting then and give the ring back to book this <overlap type="start" /> ticket <punc type="stop" />
</decl>
</turn>
<turn n="72" speaker="B">
<q-yn n="139" sp-act="reqInfo-abandon" polarity="positive" mode="tag-closed-abandon">
is it <overlap type="end" /> <punc type="incomplete" />
</q-yn>
<decl n="140" sp-act="reqInfo" polarity="positive" topic="creditcard-address" mode="constrain-query">
you just need the credit card's address <punc type="query" />
</decl>
</turn>
<turn n="73" speaker="A">
<decl n="141" sp-act="answer-stateConstraint" polarity="positive" topic="creditcard-address" mode="report-constrain-decl">
we need the full credit card details address <punc type="stop" />
</decl>
<frag n="142" sp-act="elab-refer" polarity="positive" topic="address" mode="decl">
<pause /> the full address plus the postcode <punc type="stop" />
</frag>
</turn>
<turn n="74" speaker="B">
<dm n="143" sp-act="acknowledge">
right <punc type="stop" />
</dm>
<decl n="144" sp-act="hold" polarity="positive" mode="hold-condition-frag">
if you hold on <punc type="level" />
</decl>
<decl n="145" sp-act="expressPossibility" polarity="positive" mode="poss1-frag">
i can get it off anoth ... another person <backchannel content="yeah sure" /> who has it <overlap type="end" /> <punc type="stop" />
</decl>
<dm n="146" sp-act="hold">
one second <punc type="stop" />
</dm>
</turn>
<turn n="75" speaker="A">
<frag n="147" sp-act="init" mode="query">
hello <punc type="query" />
</frag>
</turn>
<turn n="76" speaker="B">
<q-yn n="148" sp-act="reqOpt" polarity="positive" topic="name" mode="poss1-closed-query-disflu">
can i can i take your name and ring you back <punc type="query" />
</q-yn>
</turn>
</dialogue>