<?xml version="1.0"?>
<dialogue corpus="trainline" lang="en" id="21">
<turn n="1" speaker="A">
<frag n="1" sp-act="greet" mode="greet-opening">
good afternoon <punc type="stop" />
</frag>
<frag n="2" sp-act="refer" polarity="positive" mode="frag">
Virgin Trainlines <punc type="level" />
</frag>
<frag n="3" sp-act="identifySelf" polarity="positive" mode="intro-partial-decl">
Sandra speaking <punc type="stop" />
</frag>
<q-wh n="4" sp-act="reqDirect" polarity="positive" topic="journey" mode="preference2-open-query">
for which journey do you wish to purchase a ticket <punc type="query" />
</q-wh>
</turn>
<turn n="2" speaker="B">
<frag n="5" sp-act="greet" mode="greet">
hello <punc type="stop" />
</frag>
<frag n="6" sp-act="direct-refer" polarity="positive" topic="location-to-fare-journey-from-day" mode="decl">
a single ticket from Birmingham International <pause /> to London Euston on Sunday <punc type="stop" />
</frag>
</turn>
<turn n="3" speaker="A">
<dm n="7" sp-act="init">
now <punct type="level" />
</dm>
<q-yn n="8" sp-act="reqInfo" polarity="positive" topic="creditcard" mode="alternative-closed-query">
do you hold a current debit card or credit <overlap type="start" /> card <punc type="query" />
</q-yn>
</turn>
<turn n="4" speaker="B">
<yes n="9" sp-act="answer-acknowledge">
yes <punc type="stop" />
</yes>
<yes n="10" sp-act="acknowledge">
<overlap type="end" /> yeah <punc type="stop" />
</yes>
</turn>
<turn n="5" speaker="A">
<q-yn n="11" sp-act="reqConfirm" polarity="positive" topic="month-date-day" mode="closed-query">
and is it Sunday the 4th <pause /> of <overlap type="start" /> October <punc type="query" />
</q-yn>
</turn>
<turn n="6" speaker="B">
<yes n="12" sp-act="confirm-acknowledge">
yes <overlap type="end" /> <punc type="stop" />
</yes>
<dm n="13" sp-act="agree" mode="reassurance-tag">
<pause /> that's right <punc type="stop" />
</dm>
</turn>
<turn n="7" speaker="A">
<dm n="14" sp-act="init">
now <punct type="level" />
</dm>
<q-yn n="15" sp-act="reqInfo" polarity="positive" mode="closed-query">
is it just for 1 <punc type="query" />
</q-yn>
</turn>
<turn n="8" speaker="B">
<yes n="16" sp-act="answer-acknowledge">
yes <punc type="stop" />
</yes>
</turn>
<turn n="9" speaker="A">
<frag n="17" sp-act="reqInfo" polarity="positive" topic="time-departure" mode="query-open-query">
departing at what time <punc type="query" />
</frag>
</turn>
<turn n="10" speaker="B">
<dm n="18" sp-act="hesitate">
erm <pause /> 
</dm>
<frag n="19" sp-act="answer-refer" polarity="positive" topic="time" mode="decl">
sort of late afternoon <punc type="stop" />
</frag>
</turn>
<turn n="11" speaker="A">
<dm n="20" sp-act="init">
now <punct type="level" />
</dm>
<decl n="21" sp-act="stateIntent-hold" polarity="positive" topic="fare-availability-verify" mode="intent-report-hold-decl">
i'm just going to check to see what's the cheapest fare available to you <punc type="stop" />
</decl>
</turn>
<turn n="12" speaker="B">
<dm n="22" sp-act="acknowledge" mode="tag">
ok <punc type="stop" />
</dm>
</turn>
<turn n="13" speaker="A">
<dm n="23" sp-act="init">
<pause length="12s" /> now <punct type="level" />
</dm>
<decl n="24" sp-act="state" polarity="positive" topic="fare-enum" mode="decl">
the cheapest fare is the Virgin Value Single at 7 pounds <punc type="stop" />
</decl>
<decl n="25" sp-act="stateConstraint" polarity="positive" topic="availability-time-enum" mode="constrain-frag">
but the only train that is available is the 7:56 in the morning <punc type="level" />
</decl>
<frag n="26" sp-act="state" polarity="positive" topic="time-arrival" mode="decl">
arriving at 9:49 <punc type="stop" />
</frag>
</turn>
<turn n="14" speaker="B">
<no n="27" sp-act="negate">
no <punc type="stop" />
</no>
<decl n="28" sp-act="reject" polarity="positive" topic="time" mode="reject-decl">
that's too early <punc type="stop" />
</decl>
</turn>
<turn n="15" speaker="A">
<decl n="29" sp-act="stateCondition" polarity="positive" topic="time-journey" mode="constrain-condition-frag">
if you needed to travel later on in the afternoon <punc type="level" />
</decl>
<decl n="30" sp-act="predict" polarity="positive" topic="fare-enum-day" mode="predict-decl">
it'll be the cheap Day Single at 20 pounds 40 <punc type="stop" />
</decl>
<dm n="31" sp-act="init">
<pause /> now <punct type="level" />
</dm>
<q-yn n="32" sp-act="reqInfo" polarity="positive" topic="railcard" mode="closed-query">
do you have a rail card at all <punc type="query" />
</q-yn>
</turn>
<turn n="16" speaker="B">
<no n="33" sp-act="answer-negate">
no <punc type="stop" />
</no>
<decl n="34" sp-act="elab-state" polarity="negative" mode="report-decl">
i don't <punc type="stop" />
</decl>
</turn>
<turn n="17" speaker="A">
<decl n="35" sp-act="predict" polarity="positive" topic="fare-enum" mode="predict-decl">
then it's going to be 20 pounds 40 <punc type="stop" />
</decl>
</turn>
<turn n="18" speaker="B">
<dm n="36" sp-act="hesitate">
erm
</dm>
<q-wh n="37" sp-act="suggest-reqInfo" polarity="positive" topic="time-day" mode="closed-query">
what about Monday morning <pause /> early <punc type="query" />
</q-wh>
</turn>
<turn n="19" speaker="A">
<decl n="38" sp-act="state" polarity="positive" topic="enum-availability-time" mode="frag">
<pause length="7s" /> the first train available is 10 fi... 25 in the morning <punc type="level" />
</decl>
<frag n="39" sp-act="refer" polarity="positive" topic="arrival" mode="partial-decl">
<pause /> arriving 11:50 <punc type="stop" />
</frag>
</turn>
<turn n="20" speaker="B">
<dm n="40" sp-act="acknowledge" mode="tag">
ok <punc type="stop" />
</dm>
<q-yn n="41" sp-act="direct-reqInfo-abandon" polarity="positive" mode="abandon">
can you <punc type="incomplete" />
</q-yn>
<decl n="42" sp-act="expressPossibility" polarity="positive" mode="decl">
that might do for me <punc type="stop" />
</decl>
<q-yn n="43" sp-act="direct-reqInfo" polarity="positive" mode="query">
can you just let me <pause /> find out <punc type="query" />
</q-yn>
<dm n="44" sp-act="hesitate">
<pause length="2s" /> erm
</dm>
<yes n="45" sp-act="acknowledge">
<pause length="1s" /> yeah <punc type="stop" />
</yes>
<decl n="46" sp-act="reqInfo" polarity="positive" topic="time-enum" mode="query-disflu">
that that 10 <pause /> 25 gets me in at what time <punc type="query" />
</decl>
</turn>
<turn n="21" speaker="A">
<frag n="47" sp-act="answer-refer" polarity="positive" mode="decl">
11:50 <punc type="stop" />
</frag>
</turn>
<turn n="22" speaker="B">
<yes n="48" sp-act="acknowledge">
yeah <punc type="stop" />
</yes>
<decl n="49" sp-act="approve" polarity="positive" mode="reassurance-decl">
that's fine <punc type="stop" />
</decl>
</turn>
<turn n="23" speaker="A">
<decl n="50" sp-act="reqConfirm" polarity="positive" topic="day" mode="query">
and that's for Monday the 5th now <punc type="query" />
</decl>
</turn>
<turn n="24" speaker="B">
<yes n="51" sp-act="confirm-acknowledge">
yeah <punc type="stop" />
</yes>
</turn>
<turn n="25" speaker="A">
<decl n="52" sp-act="state" polarity="positive" topic="fare-number" mode="benefit-decl">
and that's seven pounds for your Virgin Value Single <punc type="stop" />
</decl>
</turn>
<turn n="26" speaker="B">
<dm n="53" sp-act="acknowledge" mode="tag">
ok <punc type="stop" />
</dm>
</turn>
<turn n="27" speaker="A">
<decl n="54" sp-act="state" polarity="positive" topic="month-date-day" mode="frag">
and that's Monday the 5th of October <punc type="level" />
</decl>
<frag n="55" sp-act="state" polarity="positive" topic="location-time-from-enum-departure" mode="decl">
departing at 10:25 from Birmingham International <punc type="stop" />
</frag>
</turn>
<turn n="28" speaker="B">
<yes n="56" sp-act="acknowledge">
<pause length="2s" /> <overlap type="start" /> yeah <punc type="stop" />
</yes>
</turn>
<turn n="29" speaker="A">
<frag n="57" sp-act="refer" polarity="positive" topic="location-enum-arrival" mode="partial-decl">
arriving <overlap type="end" /> 11:50 in Euston <punc type="stop" />
</frag>
</turn>
<turn n="30" speaker="B">
<yes n="58" sp-act="acknowledge">
yeah <punc type="stop" />
</yes>
</turn>
<turn n="31" speaker="A">
<dm n="59" sp-act="init">
now <punct type="level" />
</dm>
<q-yn n="60" sp-act="reqDirect" polarity="positive" topic="seat" mode="alternative-preference2-closed-query">
would you like smoking or non-smoking <punc type="query" />
</q-yn>
</turn>
<turn n="32" speaker="B">
<dm n="61" sp-act="hesitate">
erm
</dm>
<frag n="62" sp-act="direct-refer" polarity="positive" topic="seat" mode="request-decl">
non-smoking please <punc type="stop" />
</frag>
</turn>
<turn n="33" speaker="A">
<dm n="63" sp-act="init">
<pause length="10s" /> now <punct type="level" />
</dm>
<q-yn n="64" sp-act="reqInfo" polarity="positive" topic="booking-seat" mode="closed-query">
do you have any seat preference <punc type="query" />
</q-yn>
</turn>
<turn n="34" speaker="B">
<no n="65" sp-act="answer-negate">
no <punc type="stop" />
</no>
<dm n="66" sp-act="hesitate">
<pause /> er
</dm>
<decl n="67" sp-act="state" polarity="positive" topic="seat" mode="decl">
forward facing preferably <punc type="stop" />
</decl>
</turn>
<turn n="35" speaker="A">
<dm n="68" sp-act="acknowledge" mode="tag">
<pause length="3s" /> ok <punc type="stop" />
</dm>
<decl n="69" sp-act="state" polarity="positive" topic="booking" mode="report-benefit-decl">
i've booked that for you <punc type="stop" />
</decl>
<dm n="70" sp-act="init">
now <punct type="level" />
</dm>
<decl n="71" sp-act="predict" polarity="positive" topic="number-journey-time-date" mode="benefit-decl">
the date time and seat number will be printed on the ticket for you <backchannel content="ok" /> <punc type="stop" />
</decl>
<dm n="72" sp-act="init">
now <punct type="level" />
</dm>
<decl n="73" sp-act="stateConstraint" polarity="positive" topic="booking-time-date" mode="constrain-decl">
you must stick to the date and time that you book <punc type="stop" />
</decl>
</turn>
<turn n="36" speaker="B">
<q-wh n="74" sp-act="reqConfirm" polarity="positive" mode="query-constrain-exclaim-partial-query">
i must what <punc type="query" />
</q-wh>
</turn>
<turn n="37" speaker="A">
<imp n="75" sp-act="confirm-direct" polarity="positive" topic="booking-time-date" mode="decl">
stick to the date and <backchannel content="yes" /> time that you book <punc type="stop" />
</imp>
</turn>
<turn n="38" speaker="B">
<dm n="76" sp-act="acknowledge" mode="tag">
ok <punc type="stop" />
</dm>
</turn>
<turn n="39" speaker="A">
<decl n="77" sp-act="stateIntent" polarity="positive" topic="journey" mode="intent-benefit-decl">
i'm going to arrange for you to collect your ticket from the train station <punc type="stop" />
</decl>
</turn>
<turn n="40" speaker="B">
<yes n="78" sp-act="acknowledge">
yes <punc type="stop" />
</yes>
</turn>
<turn n="41" speaker="A">
<decl n="79" sp-act="direct-state" polarity="positive" topic="time-location-departure" mode="condition-decl">
if you be there for quarter of an hour before departure time of the train <punc type="stop" />
</decl>
</turn>
<turn n="42" speaker="B">
<yes n="80" sp-act="acknowledge">
yes <punc type="stop" />
</yes>
</turn>
<turn n="43" speaker="A">
<dm n="81" sp-act="init">
now <punct type="level" />
</dm>
<frag n="82" sp-act="reqInfo" polarity="positive" topic="name" mode="query">
your surname <punc type="query" />
</frag>
</turn>
<turn n="44" speaker="B">
<frag n="83" sp-act="answer-refer" polarity="positive" mode="decl">
<anonym type="name" /> <punc type="stop" />
</frag>
<frag n="84" sp-act="elab-refer" polarity="positive" mode="decl">
<anonym type="letter" /> <anonym type="letter" /> <anonym type="letter" /> <anonym type="letter" /> <anonym type="letter" /> <punc type="stop" />
</frag>
</turn>
<turn n="45" speaker="A">
<frag n="85" sp-act="reqInfo" polarity="positive" topic="name" mode="query">
and your initial <punc type="query" />
</frag>
</turn>
<turn n="46" speaker="B">
<frag n="86" sp-act="answer-refer" polarity="positive" mode="decl">
<anonym type="letter" /> <punc type="stop" />
</frag>
</turn>
<turn n="47" speaker="A">
<frag n="87" sp-act="reqInfo" polarity="positive" topic="name" mode="query">
and your title <punc type="query" />
</frag>
</turn>
<turn n="48" speaker="B">
<frag n="88" sp-act="answer-refer" polarity="positive" mode="decl">
Miss <punc type="stop" />
</frag>
</turn>
<turn n="49" speaker="A">
<dm n="89" sp-act="init">
<pause length="3s" /> now <punct type="level" />
</dm>
<q-yn n="90" sp-act="direct-reqInfo" polarity="positive" topic="telephone-number" mode="request-query">
could you give me your contact telephone number please <punc type="query" />
</q-yn>
</turn>
<turn n="50" speaker="B">
<frag n="91" sp-act="refer" polarity="positive" topic="enum" mode="frag">
0 2 6 5 0 <punc type="level" />
</frag>
</turn>
<turn n="51" speaker="A">
<dm n="92" sp-act="acknowledge">
aha <punc type="stop" />
</dm>
</turn>
<turn n="52" speaker="B">
<frag n="93" sp-act="refer" polarity="positive" topic="enum" mode="decl">
5 double 5 <pause /> 0 4 0 <punc type="stop" />
</frag>
</turn>
<turn n="53" speaker="A">
<dm n="94" sp-act="init">
<pause length="3s" /> now <punct type="level" />
</dm>
<frag n="95" sp-act="reqInfo" polarity="positive" topic="creditcard-address" mode="query">
your postcode to where your credit card is registered to <punc type="query" />
</frag>
</turn>
<turn n="54" speaker="B">
<dm n="96" sp-act="hesitate">
erm <anonym type="letter" /> 
</dm>
<frag n="97" sp-act="answer-refer" polarity="positive" mode="frag">
24 <punc type="level" />
</frag>
</turn>
<turn n="55" speaker="A">
<dm n="98" sp-act="acknowledge">
aha <punc type="stop" />
</dm>
</turn>
<turn n="56" speaker="B">
<frag n="99" sp-act="refer" polarity="positive" topic="enum" mode="decl">
0 <anonym type="letter" /> <anonym type="letter" /> <punc type="stop" />
</frag>
</turn>
<turn n="57" speaker="A">
<imp n="100" sp-act="direct" polarity="positive" topic="confirm-address" mode="request-decl">
and confirm that address for me please <punc type="stop" />
</imp>
</turn>
<turn n="58" speaker="B">
<frag n="101" sp-act="refer" polarity="positive" topic="enum-address" mode="frag">
50 <anonym type="street" /> Avenue <punc type="level" />
</frag>
<frag n="102" sp-act="refer" polarity="positive" mode="decl">
<unclear length="6_syllables" /> <punc type="stop" />
</frag>
</turn>
<turn n="59" speaker="A">
<dm n="103" sp-act="init">
<pause length="5s" /> now <punct type="level" />
</dm>
<q-wh n="104" sp-act="reqInfo" polarity="positive" topic="creditcard" mode="open-query">
what type of credit card is that you hold <punc type="query" />
</q-wh>
</turn>
<turn n="60" speaker="B">
<dm n="105" sp-act="hesitate">
er
</dm>
<decl n="106" sp-act="answer-state" polarity="positive" topic="creditcard" mode="decl">
it's a <pause /> debit card i'm holding <punc type="stop" />
</decl>
</turn>
<turn n="61" speaker="A">
<frag n="107" sp-act="echo-refer" polarity="positive" topic="creditcard" mode="decl">
debit <punc type="stop" />
</frag>
<decl n="108" sp-act="reqInfo" polarity="positive" topic="number" mode="query">
<pause /> and the long number across the centre of the card <punc type="query" />
</decl>
</turn>
<turn n="62" speaker="B">
<decl n="109" sp-act="answer-state" polarity="positive" topic="enum" mode="frag">
it's 0 5 6 5 <punc type="level" />
</decl>
</turn>
<turn n="63" speaker="A">
<frag n="110" sp-act="echo-refer" polarity="positive" topic="enum" mode="frag">
0 5 6 5 <punc type="level" />
</frag>
</turn>
<turn n="64" speaker="B">
<frag n="111" sp-act="refer" polarity="positive" topic="enum" mode="frag">
2 6 5 0 <punc type="level" />
</frag>
</turn>
<turn n="65" speaker="A">
<frag n="112" sp-act="echo-refer" polarity="positive" topic="enum" mode="frag">
2 6 5 0 <punc type="level" />
</frag>
</turn>
<turn n="66" speaker="B">
<frag n="113" sp-act="refer" polarity="positive" topic="enum" mode="frag">
0 6 5 6 <punc type="level" />
</frag>
</turn>
<turn n="67" speaker="A">
<frag n="114" sp-act="echo-refer" polarity="positive" topic="enum" mode="frag">
0 6 5 6 <punc type="level" />
</frag>
</turn>
<turn n="68" speaker="B">
<frag n="115" sp-act="refer" polarity="positive" topic="enum" mode="decl">
5 double 0 5 <punc type="stop" />
</frag>
</turn>
<turn n="69" speaker="A">
<frag n="116" sp-act="echo-refer" polarity="positive" topic="enum" mode="decl">
5 double 0 5 <punc type="stop" />
</frag>
</turn>
<turn n="70" speaker="B">
<yes n="117" sp-act="acknowledge">
yeah <punc type="stop" />
</yes>
</turn>
<turn n="71" speaker="A">
<dm n="118" sp-act="init">
now <punct type="level" />
</dm>
<q-yn n="119" sp-act="reqInfo" polarity="positive" mode="closed-query">
is that a Delta card <punc type="query" />
</q-yn>
</turn>
<turn n="72" speaker="B">
<decl n="120" sp-act="answer-state" polarity="positive" mode="decl">
it's <punc type="stop" />
</decl>
<dm n="121" sp-act="acknowledge">
yeah
</dm>
</turn>
<turn n="73" speaker="A">
<frag n="122" sp-act="reqInfo" polarity="positive" topic="creditcard" mode="query">
and the expiry date <punc type="query" />
</frag>
</turn>
<turn n="74" speaker="B">
<decl n="123" sp-act="answer-state" polarity="positive" topic="month" mode="decl">
it's erm April 01 <punc type="stop" />
</decl>
</turn>
<turn n="75" speaker="A">
<frag n="124" sp-act="echo-refer" polarity="positive" topic="month" mode="decl">
April 01 <punc type="stop" />
</frag>
<dm n="125" sp-act="init">
<pause /> now <punct type="level" />
</dm>
<decl n="126" sp-act="predict" polarity="positive" topic="booking-fare-enum" mode="decl">
7 pounds will be debited from that account <punc type="stop" />
</decl>
</turn>
<turn n="76" speaker="B">
<dm n="127" sp-act="acknowledge" mode="tag">
ok <punc type="stop" />
</dm>
</turn>
<turn n="77" speaker="A">
<decl n="128" sp-act="state" polarity="positive" topic="booking-number" mode="decl">
and this is your reference number to quote at the train station <punc type="stop" />
</decl>
</turn>
<turn n="78" speaker="B">
<dm n="129" sp-act="acknowledge" mode="tag">
ok <punc type="stop" />
</dm>
</turn>
<turn n="79" speaker="A">
<dm n="130" sp-act="init">
now <punct type="level" />
</dm>
<decl n="131" sp-act="state" polarity="positive" topic="number" mode="frag">
it's the number 5 <punc type="level" />
</decl>
</turn>
<turn n="80" speaker="B">
<yes n="132" sp-act="acknowledge">
yeah <punc type="stop" />
</yes>
</turn>
<turn n="81" speaker="A">
<frag n="133" sp-act="refer" polarity="positive" mode="correct-decl">
treble <anonym type="letter" /> as in <overlap type="start" /> <anonym type="alpha" /> <punc type="stop" />
</frag>
</turn>
<turn n="82" speaker="B">
<yes n="134" sp-act="acknowledge">
yeah <overlap type="end" /> <punc type="stop" />
</yes>
</turn>
<turn n="83" speaker="A">
<frag n="135" sp-act="refer" polarity="positive" topic="enum" mode="frag">
6 5 <punc type="level" />
</frag>
</turn>
<turn n="84" speaker="B">
<yes n="136" sp-act="acknowledge">
yeah <punc type="stop" />
</yes>
</turn>
<turn n="85" speaker="A">
<frag n="137" sp-act="refer" polarity="positive" mode="decl">
<anonym type="letter" /> for <anonym type="alpha" /> <pause /> <anonym type="letter" /> for <anonym type="alpha" /> <punc type="stop" />
</frag>
</turn>
<turn n="86" speaker="B">
<dm n="138" sp-act="acknowledge" mode="tag">
ok <punc type="stop" />
</dm>
</turn>
<turn n="87" speaker="A">
<dm n="139" sp-act="init">
so <punc type="level" />
</dm>
<decl n="140" sp-act="direct-refer" polarity="positive" topic="time-journey-enum-day-departure" mode="decl">
you just collect your tickets 50 minutes before departure time on Monday <punc type="stop" />
</decl>
<frag n="141" sp-act="reqConfirm" polarity="positive" mode="tag-query">
ok <punc type="query" />
</frag>
<address n="142" sp-act="refer">
Miss <anonym type="name" /> <punc type="stop" />
</address>
</turn>
<turn n="88" speaker="B">
<dm n="143" sp-act="confirm-acknowledge" mode="tag">
ok <punc type="stop" />
</dm>
<frag n="144" sp-act="elab-thank" mode="thank">
thanks very much <punc type="stop" />
</frag>
</turn>
<turn n="89" speaker="A">
<frag n="145" sp-act="thank" mode="thank">
thank you for calling now <punc type="stop" />
</frag>
<frag n="146" sp-act="bye" mode="farewell-closing">
<overlap type="start" /> bye <punc type="stop" />
</frag>
</turn>
<turn n="90" speaker="B">
<frag n="147" sp-act="echo-bye" mode="farewell-closing">
bye <overlap type="end" /> <punc type="stop" />
</frag>
</turn>
</dialogue>