<?xml version="1.0"?>
<dialogue corpus="trainline" lang="en" id="11">
<turn n="1" speaker="A">
<frag n="1" sp-act="greet" mode="greet-opening">
good afternoon <punc type="stop" />
</frag>
<frag n="2" sp-act="refer" polarity="positive" mode="frag">
Virgin Trainlines <punc type="level" />
</frag>
<frag n="3" sp-act="identifySelf" polarity="positive" mode="intro-partial-decl">
Sandra speaking <punc type="stop" />
</frag>
<q-wh n="4" sp-act="reqDirect" polarity="positive" topic="journey" mode="preference2-open-query">
for which journey do you wish to purchase a ticket <punc type="query" />
</q-wh>
</turn>
<turn n="2" speaker="B">
<decl n="5" sp-act="direct-stateIntent" polarity="positive" topic="journey" mode="decl">
i'm interested in purchasing a ticket <punc type="stop" />
</decl>
<dm n="6" sp-act="hesitate">
erm
</dm>
<frag n="7" sp-act="refer" polarity="positive" topic="fare" mode="frag">
a Super Saver Value <punc type="level" />
</frag>
<frag n="8" sp-act="state" polarity="positive" topic="location-day-from-departure-return" mode="partial-decl">
leaving Birmingham New Street on Saturday and returning on the Sunday from London Euston <punc type="stop" />
</frag>
</turn>
<turn n="3" speaker="A">
<dm n="9" sp-act="init">
now <punct type="level" />
</dm>
<q-yn n="10" sp-act="reqDirect" polarity="positive" topic="booking-journey" mode="alternative-preference2-closed-query">
do you want to book your ticket just now or are you just wanting information <punc type="query" />
</q-yn>
</turn>
<turn n="4" speaker="B">
<no n="11" sp-act="direct-negate">
no <punc type="stop" />
</no>
<decl n="12" sp-act="elab-stateIntent" polarity="positive" topic="booking-journey" mode="intent-preference1-decl">
i want to book the ticket <punc type="stop" />
</decl>
</turn>
<turn n="5" speaker="A">
<dm n="13" sp-act="init">
now <punct type="level" />
</dm>
<q-yn n="14" sp-act="reqInfo" polarity="positive" topic="number" mode="closed-query">
is it just for one <punc type="query" />
</q-yn>
</turn>
<turn n="6" speaker="B">
<yes n="15" sp-act="answer-acknowledge">
yes <punc type="level" />
</yes>
<decl n="16" sp-act="elab-state" polarity="positive" topic="number" mode="decl">
it's for one person <punc type="stop" />
</decl>
</turn>
<turn n="7" speaker="A">
<q-yn n="17" sp-act="reqInfo" polarity="positive" topic="creditcard" mode="alternative-closed-query">
do you hold a current credit or debit card <punc type="query" />
</q-yn>
</turn>
<turn n="8" speaker="B">
<yes n="18" sp-act="answer-acknowledge">
yes <punc type="stop" />
</yes>
</turn>
<turn n="9" speaker="A">
<q-yn n="19" sp-act="reqInfo" polarity="positive" topic="railcard" mode="closed-query">
and do you have a railcard at all <punc type="query" />
</q-yn>
</turn>
<turn n="10" speaker="B">
<no n="20" sp-act="answer-negate">
no <punc type="level" />
</no>
<decl n="21" sp-act="elab-state" polarity="negative" mode="report-decl">
i don't <punc type="stop" />
</decl>
</turn>
<turn n="11" speaker="A">
<dm n="22" sp-act="init">
now <punct type="level" />
</dm>
<q-wh n="23" sp-act="reqInfo-abandon" polarity="positive" topic="time" mode="open-abandon">
what time <punc type="incomplete" />
</q-wh>
<q-yn n="24" sp-act="reqInfo" polarity="positive" topic="journey-month-date-day" mode="closed-query">
is it Saturday the 3rd <pause /> of October you're <overlap type="start" /> travelling <punc type="query" />
</q-yn>
</turn>
<turn n="12" speaker="B">
<yes n="25" sp-act="answer-state">
yes <punc type="stop" />
</yes>
<dm n="26" sp-act="agree" mode="reassurance-tag">
<overlap type="end" /> that's right <punc type="stop" />
</dm>
</turn>
<turn n="13" speaker="A">
<q-wh n="27" sp-act="reqDirect" polarity="positive" topic="location-time-from" mode="preference2-open-query">
what time do you like to depart from <pause /> Birmingham New Street <punc type="query" />
</q-wh>
</turn>
<turn n="14" speaker="B">
<dm n="28" sp-act="hesitate">
erm
</dm>
<frag n="29" sp-act="direct-refer" polarity="positive" topic="time-enum" mode="partial-decl">
about 9 o'clock <punc type="stop" />
</frag>
</turn>
<turn n="15" speaker="A">
<dm n="30" sp-act="init">
now <punct type="level" />
</dm>
<frag n="31" sp-act="refer" polarity="positive" topic="fare-enum" mode="partial-frag">
for the Virgin Value fare at 14 pounds return <punc type="level" />
</frag>
</turn>
<turn n="16" speaker="B">
<yes n="32" sp-act="acknowledge">
yeah <punc type="stop" />
</yes>
</turn>
<turn n="17" speaker="A">
<decl n="33" sp-act="expressPossibility" polarity="positive" topic="location-from-enum" mode="poss2-decl">
the first train that you're ab...  a... able to use is on the 10:45 from Birmingham New Street <punc type="stop" />
</decl>
<frag n="34" sp-act="state" polarity="positive" topic="location-time-arrival" mode="decl">
arriving in Euston at 12:32 <punc type="stop" />
</frag>
</turn>
<turn n="18" speaker="B">
<frag n="35" sp-act="exclaim" polarity="positive" mode="tag">
oh
</frag>
<dm n="36" sp-act="init">
<pause /> ok
</dm>
<dm n="37" sp-act="hesitate">
erm
</dm>
<q-yn n="38" sp-act="reqInfo" polarity="negative" topic="location-time" mode="alternative-reject-exists-closed-query">
 <pause /> is there anything earlier or not at all <punc type="query" />
</q-yn>
</turn>
<turn n="19" speaker="A">
<decl n="39" sp-act="answer-state" polarity="positive" topic="availability-time" mode="decl">
the earlier trains are all booked up now <punc type="stop" />
</decl>
</turn>
<turn n="20" speaker="B">
<dm n="40" sp-act="acknowledge" mode="tag">
ok <punc type="stop" />
</dm>
<decl n="41" sp-act="abandon" polarity="positive" mode="abandon">
so that's the erm <punc type="incomplete" />
</decl>
<q-wh n="42" sp-act="reqInfo" polarity="positive" mode="open-query">
what is it again <punc type="query" />
</q-wh>
<decl n="43" sp-act="refer-abandon" polarity="positive" mode="interruption">
the 9 <punc type="incomplete" />
</decl>
</turn>
<turn n="21" speaker="A">
<no n="44" sp-act="answer-negate">
no <punc type="stop" />
</no>
<decl n="45" sp-act="elab-correct" polarity="positive" mode="decl">
it's the 10:45 <punc type="stop" />
</decl>
</turn>
<turn n="22" speaker="B">
<frag n="46" sp-act="echo-refer" polarity="positive" mode="decl">
10:45 <punc type="stop" />
</frag>
<dm n="47" sp-act="exclaim">
oh my god <punc type="exclam" />
</dm>
<dm n="48" sp-act="hesitate">
<pause length="2s" /> erm
</dm>
<decl n="49" sp-act="predict" polarity="positive" mode="predict-constrain-decl">
<pause length="3s" /> so that's gonna have to do <punc type="stop" />
</decl>
<yes n="50" sp-act="acknowledge">
yeah <punc type="stop" />
</yes>
<dm n="51" sp-act="acknowledge" mode="tag">
ok <punc type="stop" />
</dm>
</turn>
<turn n="23" speaker="A">
<decl n="52" sp-act="state" polarity="positive" topic="time-enum" mode="exists-decl">
there's a 7:15 in the morning <punc type="stop" />
</decl>
<q-yn n="53" sp-act="reqInfo" polarity="positive" topic="time" mode="alternative-closed-query">
or is that going to be too early <punc type="query" />
</q-yn>
</turn>
<turn n="24" speaker="B">
<no n="54" sp-act="answer-negate">
no <punc type="stop" />
</no>
<decl n="55" sp-act="elab-stateIntent" polarity="positive" mode="intent-decl">
i'll get on the 7:15 <vocal content="laughter" /> <punc type="stop" />
</decl>
<decl n="56" sp-act="expressWish" polarity="positive" mode="preference1-decl">
i'd rather get on the 7:15 <punc type="stop" />
</decl>
</turn>
<turn n="25" speaker="A">
<frag n="57" sp-act="echo" polarity="positive" mode="frag">
7:15 <punc type="level" />
</frag>
<frag n="58" sp-act="state" polarity="positive" topic="time-arrival" mode="decl">
arriving at 9:05 <punc type="stop" />
</frag>
</turn>
<turn n="26" speaker="B">
<yes n="59" sp-act="acknowledge">
yeah <punc type="stop" />
</yes>
</turn>
<turn n="27" speaker="A">
<q-wh n="60" sp-act="reqInfo" polarity="positive" topic="time-day" mode="open-query">
and what time on the Sunday <punc type="query" />
</q-wh>
</turn>
<turn n="28" speaker="B">
<dm n="61" sp-act="hesitate">
<pause /> erm
</dm>
<decl n="62" sp-act="answer-refer" polarity="positive" mode="decl">
something like 6:15 <punc type="stop" />
</decl>
</turn>
<turn n="29" speaker="A">
<decl n="63" sp-act="reqConfirm" polarity="positive" topic="month-date-day" mode="query">
and that's Sunday the 4th of October <punc type="query" />
</decl>
</turn>
<turn n="30" speaker="B">
<yes n="64" sp-act="confirm-acknowledge">
yeah <punc type="stop" />
</yes>
</turn>
<turn n="31" speaker="A">
<dm n="65" sp-act="init">
<pause length="7s" /> now <punct type="level" />
</dm>
<decl n="66" sp-act="stateOpt" polarity="positive" topic="availability-time-enum" mode="alternative-frag">
<pause /> it's either the 22:45 train in the evening <pause /> <backchannel content="mm" /> available <punc type="level" />
</decl>
<decl n="67" sp-act="hold" polarity="positive" topic="time-verify" mode="hold-frag">
i'm just checking early morning <punc type="level" />
</decl>
<dm n="68" sp-act="apologise" mode="regret">
<pause length="18s" /> sorry
</dm>
<decl n="69" sp-act="state" polarity="positive" topic="time-enum-return" mode="decl">
it's 10:35 in the morning <pause /> for returning <punc type="stop" />
</decl>
<decl n="70" sp-act="stateConstraint" polarity="positive" topic="availability-number" mode="constrain-decl">
<pause /> those are the only two available <punc type="stop" />
</decl>
</turn>
<turn n="32" speaker="B">
<q-wh n="71" sp-act="reqInfo" polarity="positive" topic="number" mode="open-query">
what's the one in the night <punc type="query" />
</q-wh>
</turn>
<turn n="33" speaker="A">
<frag n="72" sp-act="answer-refer" polarity="positive" mode="decl">
22:45 <punc type="stop" />
</frag>
<frag n="73" sp-act="elab-state" polarity="positive" topic="time-enum" mode="decl">
quarter to 11 in the evening <punc type="stop" />
</frag>
</turn>
<turn n="34" speaker="B">
<decl n="74" sp-act="reqInfo" polarity="positive" topic="location" mode="predict-query">
and that's going to get into Birmingham at <punc type="query" />
</decl>
</turn>
<turn n="35" speaker="A">
<frag n="75" sp-act="hold" polarity="positive" topic="verify" mode="decl">
just check that <punc type="stop" />
</frag>
<decl n="76" sp-act="elab-predict" polarity="positive" topic="time-enum-location" mode="predict-decl">
<pause length="12s" /> it's going to get into London 60 minutes past 12 in the evening <punc type="stop" />
</decl>
<dm n="77" sp-act="apologise" mode="regret">
<pause /> sorry <punc type="stop" />
</dm>
<frag n="78" sp-act="state" polarity="positive" topic="location" mode="decl">
get into Birmingham <punc type="stop" />
</frag>
</turn>
<turn n="36" speaker="B">
<dm n="79" sp-act="exclaim" polarity="positive" mode="tag-decl">
<pause /> oh
</dm>
<dm n="80" sp-act="acknowledge">
ok <punc type="stop" />
</dm>
<frag n="81" sp-act="refer" polarity="positive" topic="time" mode="frag">
evening <punc type="level" />
</frag>
<frag n="82" sp-act="refer" polarity="positive" topic="time-enum" mode="partial-decl">
at 12 midnight <backchannel content="yeah" /> basically <punc type="stop" />
</frag>
<dm n="83" sp-act="acknowledge" mode="tag">
<pause /> ok <punc type="stop" />
</dm>
<q-wh n="84" sp-act="reqInfo" polarity="positive" topic="number-time" mode="open-query">
what was that mor... morning one again <punc type="query" />
</q-wh>
<frag n="85" sp-act="reqConfirm" polarity="positive" mode="query">
10:45 <punc type="query" />
</frag>
</turn>
<turn n="37" speaker="A">
<frag n="86" sp-act="correct" polarity="positive" mode="decl">
10:35 <punc type="stop" />
</frag>
</turn>
<turn n="38" speaker="B">
<frag n="87" sp-act="echo-refer" polarity="positive" mode="decl">
10:35 <punc type="stop" />
</frag>
<dm n="88" sp-act="acknowledge" mode="tag">
ok <punc type="stop" />
</dm>
<decl n="89" sp-act="expressOpinion" polarity="positive" mode="intent-opinion-constrain-decl">
i suppose i'm going to have to cope with that <punc type="stop" />
</decl>
</turn>
<turn n="39" speaker="A">
<decl n="90" sp-act="reqConfirm" polarity="positive" mode="frag">
the 10:35 <punc type="level" />
</decl>
</turn>
<turn n="40" speaker="B">
<yes n="91" sp-act="confirm-acknowledge">
yeah <punc type="stop" />
</yes>
</turn>
<turn n="41" speaker="A">
<decl n="92" sp-act="predict" polarity="positive" topic="fare-enum" mode="predict-decl">
<pause length="6s" /> and that's going to be 14 pounds return <punc type="stop" />
</decl>
</turn>
<turn n="42" speaker="B">
<yes n="93" sp-act="acknowledge">
yeah <punc type="stop" />
</yes>
</turn>
<turn n="43" speaker="A">
<dm n="94" sp-act="init">
now <punct type="level" />
</dm>
<frag n="95" sp-act="refer" polarity="positive" topic="journey" mode="partial-frag">
with this ticket <punc type="level" />
</frag>
<decl n="96" sp-act="stateConstraint" polarity="positive" topic="booking-date" mode="intent-benefit-constrain-decl">
you must stick to the dates and the times that i'm going to book for you <punc type="stop" />
</decl>
</turn>
<turn n="44" speaker="B">
<yes n="97" sp-act="acknowledge">
yeah <punc type="stop" />
</yes>
</turn>
<turn n="45" speaker="A">
<decl n="98" sp-act="stateCondition" polarity="negative" topic="journey-cancel" mode="poss2-condition-frag">
if you can't make your journey and wish to cancel <punc type="level" />
</decl>
<decl n="99" sp-act="stateCondition" polarity="positive" topic="time-journey-enum-day-cancel" mode="condition-frag">
<pause /> as long as you cancel by 6 o'clock day before travel <punc type="level" />
</decl>
<decl n="100" sp-act="state" polarity="positive" topic="enum-fare-refund" mode="decl">
it's a 50 percent refund less 5 pounds <backchannel content="ok" /> <punc type="stop" />
</decl>
<decl n="101" sp-act="stateCondition" polarity="positive" topic="journey" mode="condition-frag">
if you did want to change any of the times of the travel <punc type="level" />
</decl>
<decl n="102" sp-act="stateConstraint" polarity="positive" topic="time-enum-day" mode="constrain-decl">
you must do so by 6 o'clock the day before <punc type="stop" />
</decl>
<frag n="103" sp-act="refer" polarity="positive" topic="fare-availability-enum" mode="constrain-decl">
again subject to availability and 5 pounds charge <punc type="stop" />
</frag>
<dm n="104" sp-act="init">
<pause /> now <punct type="level" />
</dm>
<frag n="105" sp-act="direct-refer" polarity="positive" topic="name" mode="request-decl">
your surname please <punc type="stop" />
</frag>
</turn>
<turn n="46" speaker="B">
<dm n="106" sp-act="acknowledge">
mhm <punc type="stop" />
</dm>
<decl n="107" sp-act="refer" polarity="positive" mode="decl">
it's <anonym type="name" /> <punc type="stop" />
</decl>
<decl n="108" sp-act="state" polarity="positive" mode="decl">
that's <anonym type="letter" /> <anonym type="letter" /> <anonym type="letter" /> <anonym type="letter" /> <anonym type="letter" /> <punc type="stop" />
</decl>
</turn>
<turn n="47" speaker="A">
<frag n="109" sp-act="reqInfo" polarity="positive" topic="name" mode="query">
and your initial <punc type="query" />
</frag>
</turn>
<turn n="48" speaker="B">
<frag n="110" sp-act="answer-refer" polarity="positive" mode="decl">
<anonym type="letter" /> <punc type="stop" />
</frag>
</turn>
<turn n="49" speaker="A">
<frag n="111" sp-act="reqInfo" polarity="positive" topic="name" mode="query">
and your title <punc type="query" />
</frag>
</turn>
<turn n="50" speaker="B">
<frag n="112" sp-act="refer" polarity="positive" mode="decl">
Miss <punc type="stop" />
</frag>
<q-yn n="113" sp-act="reqOpt" polarity="positive" topic="confirm-time" mode="closed-query">
<pause /> can we just confirm the time <punc type="query" />
</q-yn>
<decl n="114" sp-act="reqConfirm" polarity="positive" topic="location-enum-departure-time-from-day" mode="intent-query">
i'm leaving 7:15 a m from Birmingham New Street and leaving London Euston at 10:35 a m on Sunday <punc type="query" />
</decl>
</turn>
<turn n="51" speaker="A">
<dm n="115" sp-act="confirm-agree" mode="tag">
that's correct <punc type="stop" />
</dm>
</turn>
<turn n="52" speaker="B">
<q-yn n="116" sp-act="reqConfirm" polarity="positive" mode="tag-closed-query">
is that correct <punc type="query" />
</q-yn>
<dm n="117" sp-act="acknowledge" mode="tag">
ok <punc type="stop" />
</dm>
<frag n="118" sp-act="thank" polarity="positive" mode="thank-decl">
thank you <punc type="stop" />
</frag>
</turn>
<turn n="53" speaker="A">
<frag n="119" sp-act="reqInfo" polarity="positive" topic="telephone-number" mode="query">
and your contact telephone number <punc type="query" />
</frag>
</turn>
<turn n="54" speaker="B">
<dm n="120" sp-act="hesitate">
em
</dm>
<frag n="121" sp-act="answer-refer" polarity="positive" topic="enum" mode="frag">
0 1 4 0 <punc type="level" />
</frag>
</turn>
<turn n="55" speaker="A">
<dm n="122" sp-act="acknowledge">
aha <punc type="stop" />
</dm>
</turn>
<turn n="56" speaker="B">
<frag n="123" sp-act="refer" polarity="positive" topic="enum" mode="decl">
<pause /> 6 3 1 0 6 6 6 <punc type="stop" />
</frag>
</turn>
<turn n="57" speaker="A">
<frag n="124" sp-act="reqInfo" polarity="positive" topic="creditcard-address" mode="query">
<pause /> and your postcode to where your credit card is registered to <punc type="query" />
</frag>
</turn>
<turn n="58" speaker="B">
<frag n="125" sp-act="answer-refer" polarity="positive" topic="enum" mode="decl">
<anonym type="letter" /> <anonym type="letter" /> 6 3 <anonym type="letter" /> <anonym type="letter" /> <punc type="stop" />
</frag>
</turn>
<turn n="59" speaker="A">
<imp n="126" sp-act="direct" polarity="positive" topic="confirm-address" mode="request-decl">
and confirm that address for me please <punc type="stop" />
</imp>
</turn>
<turn n="60" speaker="B">
<frag n="127" sp-act="refer" polarity="positive" mode="partial-decl">
<anonym type="letter" /> for <anonym type="alpha" /> Road <punc type="stop" />
</frag>
</turn>
<turn n="61" speaker="A">
<dm n="128" sp-act="init">
now <punct type="level" />
</dm>
<decl n="129" sp-act="stateIntent-hold" polarity="positive" mode="intent-hold-decl">
i'm just writing this down <punc type="stop" />
</decl>
<dm n="130" sp-act="init">
<pause length="12s" /> now <punct type="level" />
</dm>
<q-yn n="131" sp-act="reqDirect" polarity="positive" topic="seat" mode="alternative-preference2-closed-query">
would you like smoking or non-smoking <punc type="query" />
</q-yn>
</turn>
<turn n="62" speaker="B">
<frag n="132" sp-act="direct-refer" polarity="positive" topic="seat" mode="request-decl">
non-smoking please <punc type="stop" />
</frag>
</turn>
<turn n="63" speaker="A">
<q-yn n="133" sp-act="reqInfo" polarity="positive" topic="booking-seat" mode="closed-query">
and do you have any seat preference <punc type="query" />
</q-yn>
</turn>
<turn n="64" speaker="B">
<dm n="134" sp-act="hesitate">
em
</dm>
<frag n="135" sp-act="answer-refer" polarity="positive" topic="direction-journey-seat" mode="decl">
facing towards the journey <punc type="stop" />
</frag>
</turn>
<turn n="65" speaker="A">
<dm n="136" sp-act="init">
<pause length="6s" /> now <punct type="level" />
</dm>
<frag n="137" sp-act="refer" polarity="positive" topic="location-to-month-from-date-day" mode="partial-decl">
on Saturday 3rd of October from Birmingham New Street to London Euston <punc type="stop" />
</frag>
<frag n="138" sp-act="state" polarity="positive" topic="time-departure" mode="decl">
<pause /> departing at 7:15 <punc type="stop" />
</frag>
<decl n="139" sp-act="state" polarity="positive" topic="journey" mode="frag">
you'll be travelling in coach <anonym type="letter" /> as in <anonym type="alpha" /> <punc type="level" />
</decl>
<frag n="140" sp-act="refer" polarity="positive" topic="number" mode="partial-decl">
seat number 22 <punc type="stop" />
</frag>
<decl n="141" sp-act="state" polarity="positive" topic="seat" mode="decl">
and that's a forward facing seat in non-smoking <punc type="stop" />
</decl>
</turn>
<turn n="66" speaker="B">
<yes n="142" sp-act="acknowledge">
<pause />  yeah <punc type="stop" />
</yes>
</turn>
<turn n="67" speaker="A">
<decl n="143" sp-act="state" polarity="positive" topic="month-date-day-return" mode="decl">
then you returning on Sunday 4th of October <punc type="stop" />
</decl>
<frag n="144" sp-act="state" polarity="positive" topic="departure" mode="partial-decl">
departing 10:35 <punc type="stop" />
</frag>
<decl n="145" sp-act="hold" polarity="positive" topic="booking" mode="hold-decl">
<pause /> i'm just booking your seat again <punc type="stop" />
</decl>
<decl n="146" sp-act="state" polarity="positive" mode="predict-frag">
<pause length="8s" /> and it's going to be coach <anonym type="letter" /> for <anonym type="alpha" /> <punc type="level" />
</decl>
<frag n="147" sp-act="refer" polarity="positive" topic="number" mode="partial-decl">
seat number 27 <punc type="stop" />
</frag>
<decl n="148" sp-act="state" polarity="positive" topic="seat" mode="decl">
and that's forward facing non-smoking <backchannel content="right" /> <punc type="stop" />
</decl>
<dm n="149" sp-act="init">
now <punct type="level" />
</dm>
<frag n="150" sp-act="referReason" polarity="positive" topic="day" mode="reason-frag">
due to emergency engineering works on Sunday <punc type="level" />
</frag>
<decl n="151" sp-act="state" polarity="positive" topic="location-booking" mode="decl">
this service that you're actually booked on is going to be diverted between Birmingham and Wolverhampton <punc type="stop" />
</decl>
<decl n="152" sp-act="state" polarity="positive" topic="number-location-time" mode="frag">
so once you get off at Birmingham <punc type="level" />
</decl>
<decl n="153" sp-act="expressPossibility" polarity="positive" mode="poss3-decl">
it could be ok <punc type="stop" />
</decl>
<decl n="154" sp-act="state" polarity="positive" topic="journey" mode="constrain-decl">
but the journey might be rerouted
</decl>
<decl n="155" sp-act="expressPossibility" polarity="positive" topic="journey-time-enum" mode="poss3">
which might extend the journey by 40 minutes <punc type="stop" />
</decl>
<decl n="156" sp-act="expressOpinion" polarity="positive" topic="location-from" mode="constrain-decl">
but it's supposed to be starting <pause /> from Birmingham <punc type="stop" />
</decl>
<decl n="157" sp-act="expressNonAwareness" polarity="negative" topic="time" mode="report-nonawareness-predict-alternative-condition-decl">
<pause /> i don't know if it's going to be <pause /> like diverted before you get into the train station or <pause /> the station before that having to go around <punc type="stop" />
</decl>
</turn>
<turn n="68" speaker="B">
<dm n="158" sp-act="acknowledge" mode="tag">
ok <punc type="stop" />
</dm>
</turn>
<turn n="69" speaker="A">
<decl n="159" sp-act="state" polarity="positive" topic="location-time-enum" mode="predict-report-condition-decl-disflu">
that it <pause /> it says here it's going to put an extra 40 minutes on if it is <pause /> going to be <punc type="stop" />
</decl>
</turn>
<turn n="70" speaker="B">
<dm n="160" sp-act="acknowledge" mode="tag">
ok <punc type="stop" />
</dm>
<decl n="161" sp-act="approve" polarity="positive" mode="reassurance-decl">
that's fine <punc type="stop" />
</decl>
</turn>
<turn n="71" speaker="A">
<dm n="162" sp-act="acknowledge" mode="tag">
ok <punc type="stop" />
</dm>
</turn>
<turn n="72" speaker="B">
<dm n="163" sp-act="acknowledge" mode="tag">
ok <punc type="stop" />
</dm>
</turn>
<turn n="73" speaker="A">
<dm n="164" sp-act="init">
now <punct type="level" />
</dm>
<q-wh n="165" sp-act="reqInfo" polarity="positive" topic="creditcard" mode="open-query">
what type of credit card <punc type="query" />
</q-wh>
</turn>
<turn n="74" speaker="B">
<frag n="166" sp-act="answer-refer" polarity="positive" topic="creditcard" mode="decl">
Visa <punc type="stop" />
</frag>
</turn>
<turn n="75" speaker="A">
<decl n="167" sp-act="reqInfo" polarity="positive" topic="number-creditcard" mode="query">
and the Visa number <punc type="query" />
</decl>
</turn>
<turn n="76" speaker="B">
<frag n="168" sp-act="answer-refer" polarity="positive" topic="enum" mode="frag">
3 1 6 1 <punc type="level" />
</frag>
</turn>
<turn n="77" speaker="A">
<frag n="169" sp-act="echo-refer" polarity="positive" topic="enum" mode="frag">
3 1 6 1 <punc type="level" />
</frag>
</turn>
<turn n="78" speaker="B">
<frag n="170" sp-act="refer" polarity="positive" topic="enum" mode="frag">
5 3 6 <punc type="level" />
</frag>
</turn>
<turn n="79" speaker="A">
<frag n="171" sp-act="echo-refer" polarity="positive" topic="enum" mode="frag">
5 3 6 <punc type="level" />
</frag>
</turn>
<turn n="80" speaker="B">
<frag n="172" sp-act="refer" polarity="positive" topic="enum" mode="frag">
3 6 0 <punc type="level" />
</frag>
</turn>
<turn n="81" speaker="A">
<frag n="173" sp-act="echo-refer" polarity="positive" topic="enum" mode="frag">
3 6 0 <punc type="level" />
</frag>
</turn>
<turn n="82" speaker="B">
<frag n="174" sp-act="refer" polarity="positive" topic="enum" mode="decl">
4 3 2 <punc type="stop" />
</frag>
</turn>
<turn n="83" speaker="A">
<frag n="175" sp-act="echo-refer" polarity="positive" topic="enum" mode="decl">
4 3 2 <punc type="stop" />
</frag>
<frag n="176" sp-act="reqInfo" polarity="positive" topic="creditcard" mode="query">
and the expiry date <punc type="query" />
</frag>
</turn>
<turn n="84" speaker="B">
<frag n="177" sp-act="answer-refer" polarity="positive" topic="enum" mode="decl">
ni... em 6 99 <punc type="stop" />
</frag>
</turn>
<turn n="85" speaker="A">
<dm n="178" sp-act="init">
<pause /> now <punct type="level" />
</dm>
<decl n="179" sp-act="direct-state" polarity="positive" topic="creditcard" mode="constrain-decl">
you need to take your credit card with you <punc type="stop" />
</decl>
<decl n="180" sp-act="direct-state" polarity="positive" topic="booking-number" mode="constrain-decl">
and you need to quote this reference number <punc type="stop" />
</decl>
</turn>
<turn n="86" speaker="B">
<yes n="181" sp-act="acknowledge">
yeah <punc type="stop" />
</yes>
</turn>
<turn n="87" speaker="A">
<decl n="182" sp-act="state" polarity="positive" topic="enum" mode="frag">
it's 2 1 2 0 <punc type="level" />
</decl>
</turn>
<turn n="88" speaker="B">
<frag n="183" sp-act="echo-refer" polarity="positive" topic="enum" mode="frag">
2 1 2 0 <punc type="level" />
</frag>
</turn>
<turn n="89" speaker="A">
<frag n="184" sp-act="refer" polarity="positive" topic="enum" mode="decl">
0 0 6 6 <punc type="stop" />
</frag>
</turn>
<turn n="90" speaker="B">
<frag n="185" sp-act="echo-refer" polarity="positive" topic="enum" mode="decl">
0 0 6 6 <punc type="stop" />
</frag>
</turn>
<turn n="91" speaker="A">
<decl n="186" sp-act="state" polarity="positive" mode="decl">
then it's <anonym type="letter" /> as in <anonym type="alpha" /> <punc type="stop" />
</decl>
</turn>
<turn n="92" speaker="B">
<dm n="187" sp-act="acknowledge" mode="tag">
ok <punc type="stop" />
</dm>
</turn>
<turn n="93" speaker="A">
<decl n="188" sp-act="state" polarity="positive" topic="fare-enum" mode="decl">
and the total cost is 14 pounds return <punc type="stop" />
</decl>
</turn>
<turn n="94" speaker="B">
<frag n="189" sp-act="echo-refer" polarity="positive" topic="fare-enum" mode="decl">
14 pounds <punc type="stop" />
</frag>
</turn>
<turn n="95" speaker="A">
<dm n="190" sp-act="reqConfirm" mode="query">
ok now <punc type="query" />
</dm>
</turn>
<turn n="96" speaker="B">
<dm n="191" sp-act="confirm-acknowledge" mode="tag">
ok <punc type="stop" />
</dm>
<decl n="192" sp-act="elab-approve" polarity="positive" mode="decl">
that's great <punc type="stop" />
</decl>
</turn>
<turn n="97" speaker="A">
<frag n="193" sp-act="thank" mode="thank-intro">
thank you for calling <punc type="stop" />
</frag>
</turn>
<turn n="98" speaker="B">
<frag n="194" sp-act="bye" mode="farewell-closing">
bye <overlap type="start" /> bye <punc type="stop" />
</frag>
</turn>
<turn n="99" speaker="A">
<frag n="195" sp-act="echo-bye" mode="farewell-closing">
bye <overlap type="end" /> <punc type="stop" />
</frag>
</turn>
</dialogue>