<?xml version="1.0"?>
<dialogue corpus="trainline" lang="en" id="08">
<turn n="1" speaker="A">
<frag n="1" sp-act="greet" mode="greet-opening">
good afternoon <punc type="stop" />
</frag>
<frag n="2" sp-act="refer" polarity="positive" mode="frag">
Virgin Trainlines <punc type="level" />
</frag>
<frag n="3" sp-act="identifySelf" polarity="positive" mode="intro-partial-decl">
Sandra speaking <punc type="stop" />
</frag>
<q-wh n="4" sp-act="reqDirect" polarity="positive" topic="journey" mode="preference2-open-query">
for which journey do you wish to purchase a ticket <punc type="query" />
</q-wh>
</turn>
<turn n="2" speaker="B">
<dm n="5" sp-act="hesitate">
er
</dm>
<frag n="6" sp-act="direct-refer" polarity="positive" topic="location-to-from" mode="partial-decl">
from Nuneaton to Euston <punc type="stop" />
</frag>
</turn>
<turn n="3" speaker="A">
<q-yn n="7" sp-act="reqInfo" polarity="positive" topic="creditcard" mode="closed-query">
<pause length="3s" /> and <pause /> is it yourself as is a credit and debit card holder <punc type="query" />
</q-yn>
</turn>
<turn n="4" speaker="B">
<dm n="8" sp-act="pardon" mode="regret">
pardon <punc type="query" />
</dm>
</turn>
<turn n="5" speaker="A">
<q-yn n="9" sp-act="reqInfo" polarity="positive" topic="creditcard" mode="alternative-closed-query">
do you hold a current debit or credit card <punc type="query" />
</q-yn>
</turn>
<turn n="6" speaker="B">
<yes n="10" sp-act="answer-acknowledge">
yes <punc type="stop" />
</yes>
</turn>
<turn n="7" speaker="A">
<q-yn n="11" sp-act="reqInfo" polarity="positive" topic="railcard" mode="closed-query">
<pause length="7s" /> and do you have a current railcard <punc type="query" />
</q-yn>
</turn>
<turn n="8" speaker="B">
<no n="12" sp-act="answer-negate">
no <punc type="stop" />
</no>
</turn>
<turn n="9" speaker="A">
<q-wh n="13" sp-act="reqInfo" polarity="positive" topic="number-journey" mode="query-open-query">
and how many people's travelling <punc type="query" />
</q-wh>
</turn>
<turn n="10" speaker="B">
<frag n="14" sp-act="answer-refer" polarity="positive" mode="decl">
just myself <punc type="stop" />
</frag>
</turn>
<turn n="11" speaker="A">
<q-wh n="15" sp-act="reqDirect" polarity="positive" topic="journey-date" mode="preference2-open-query">
and what date would you like to travel out <punc type="query" />
</q-wh>
</turn>
<turn n="12" speaker="B">
<dm n="16" sp-act="hesitate">
er
</dm>
<frag n="17" sp-act="direct-refer" polarity="positive" topic="day" mode="request-decl">
tomorrow <pause /> please <punc type="stop" />
</frag>
</turn>
<turn n="13" speaker="A">
<dm n="18" sp-act="acknowledge">
<pause /> right <punc type="stop" />
</dm>
<decl n="19" sp-act="hold" polarity="positive" mode="hold-condition-decl">
if you just bear with me a moment <punc type="stop" />
</decl>
<address n="20" sp-act="refer">
Sir
</address>
<frag n="21" sp-act="reqInfo" polarity="positive" topic="time-location-journey-from-day" mode="open-query">
<pause length="3s" /> travelling at what time tomorrow from Nuneaton <punc type="query" />
</frag>
</turn>
<turn n="14" speaker="B">
<dm n="22" sp-act="hesitate">
erm
</dm>
<frag n="23" sp-act="answer-refer" polarity="positive" topic="time" mode="decl">
early morning <punc type="stop" />
</frag>
<dm n="24" sp-act="hesitate">
er
</dm>
<decl n="25" sp-act="state" polarity="positive" mode="report-exists-constrain-decl">
i'm unfortunately i haven't got a copy of the a current copy of the timetable with me <punc type="stop" />
</decl>
<dm n="26" sp-act="init">
so <punc type="level" />
</dm>
<decl n="27" sp-act="expressAwareness" polarity="positive" topic="number-location-time-enum" mode="report-awareness-decl">
i know there used to be one about quarter to about 7 o'clock <punc type="stop" />
</decl>
<q-yn n="28" sp-act="reqInfo" polarity="positive" topic="location" mode="tag-exists-closed-query">
is there <punc type="query" />
</q-yn>
<frag n="29" sp-act="reqInfo" polarity="positive" topic="time" mode="partial-query">
<pause /> in the morning <punc type="query" />
</frag>
</turn>
<turn n="15" speaker="A">
<frag n="30" sp-act="hold" polarity="positive" topic="verify" mode="benefit-decl">
<pause length="10s" /> just check that for you <punc type="stop" />
</frag>
<frag n="31" sp-act="refer" polarity="positive" mode="decl">
<pause length="3s" /> 7:13 <punc type="stop" />
</frag>
<frag n="32" sp-act="reqConfirm" polarity="positive" topic="time-arrival" mode="query">
arriving at 8:30 <punc type="query" />
</frag>
</turn>
<turn n="16" speaker="B">
<yes n="33" sp-act="confirm-acknowledge">
er yes <punc type="stop" />
</yes>
</turn>
<turn n="17" speaker="A">
<q-wh n="34" sp-act="reqInfo" polarity="positive" topic="time-return" mode="open-query">
and when is it you're returning <punc type="query" />
</q-wh>
</turn>
<turn n="18" speaker="B">
<dm n="35" sp-act="init">
well <punc type="level" />
</dm>
<decl n="36" sp-act="answer-predict" polarity="positive" topic="time-day" mode="predict-decl">
it will be later that day <punc type="stop" />
</decl>
<decl n="37" sp-act="elab-expressNonAwareness" polarity="negative" topic="time" mode="report-nonawareness-constrain-decl">
but i don't know the precise time <punc type="stop" />
</decl>
</turn>
<turn n="19" speaker="A">
<decl n="38" sp-act="reqConfirm" polarity="positive" topic="fare-departure" mode="preference2-query">
so you prefer to leave that open <punc type="query" />
</decl>
</turn>
<turn n="20" speaker="B">
<yes n="39" sp-act="confirm-accept" mode="request">
yes please <punc type="stop" />
</yes>
</turn>
<turn n="21" speaker="A">
<q-yn n="40" sp-act="reqInfo" polarity="positive" mode="closed-query">
and is it standard class <punc type="query" />
</q-yn>
</turn>
<turn n="22" speaker="B">
<yes n="41" sp-act="answer-acknowledge">
yes <punc type="stop" />
</yes>
</turn>
<turn n="23" speaker="A">
<dm n="42" sp-act="init">
now <punc type="level" />
</dm>
<decl n="43" sp-act="stateIntent-hold" polarity="positive" topic="fare-availability-verify" mode="intent-report-hold-decl">
i'm just going to check to see what's your cheapest fare available to you <punc type="stop" />
</decl>
<dm n="44" sp-act="init">
<pause length="18s" /> now <punc type="level" />
</dm>
<decl n="45" sp-act="predict" polarity="positive" topic="fare-enum" mode="predict-decl">
you'll be able to get the Virgin Value Business at 45 pounds <punc type="stop" />
</decl>
</turn>
<turn n="24" speaker="B">
<yes n="46" sp-act="acknowledge">
yes <punc type="stop" />
</yes>
</turn>
<turn n="25" speaker="A">
<dm n="47" sp-act="init">
now <punc type="level" />
</dm>
<frag n="48" sp-act="refer" polarity="positive" topic="journey" mode="partial-frag">
with that ticket <punc type="level" />
</frag>
<decl n="49" sp-act="stateConstraint" polarity="positive" topic="journey-time" mode="constrain-decl">
you must travel out on the time specified <punc type="stop" />
</decl>
<decl n="50" sp-act="state" polarity="positive" mode="poss2-decl">
but you're able to return on any train of your choice <punc type="stop" />
</decl>
</turn>
<turn n="26" speaker="B">
<dm n="51" sp-act="acknowledge" mode="tag">
ok <punc type="stop" />
</dm>
<yes n="52" sp-act="acknowledge">
yes <punc type="stop" />
</yes>
</turn>
<turn n="27" speaker="A">
<q-yn n="53" sp-act="reqDirect" polarity="positive" topic="seat" mode="alternative-preference2-closed-query">
and <pause /> would you like smoking or non-smoking <punc type="query" />
</q-yn>
</turn>
<turn n="28" speaker="B">
<frag n="54" sp-act="direct-refer" polarity="positive" topic="seat" mode="request-decl">
non-smoking please <punc type="stop" />
</frag>
</turn>
<turn n="29" speaker="A">
<q-yn n="55" sp-act="reqInfo" polarity="positive" topic="booking-location-seat" mode="exists-closed">
<pause length="4s" /> and is there any seat preference <punc type="query" />
</q-yn>
</turn>
<turn n="30" speaker="B">
<dm n="56" sp-act="hesitate">
erm
</dm>
<frag n="57" sp-act="answer-refer" polarity="positive" topic="seat" mode="alternative-decl">
sort of facing or with my back to the direction of movement <punc type="stop" />
</frag>
</turn>
<turn n="31" speaker="A">
<decl n="58" sp-act="stateIntent-hold" polarity="positive" mode="intent-report-hold-decl">
<pause /> i'm just going to reserve your seat just now <punc type="stop" />
</decl>
<dm n="59" sp-act="init">
<pause length="17s" /> now <punc type="level" />
</dm>
<decl n="60" sp-act="predict" polarity="positive" topic="journey" mode="decl">
you'll be travelling in coach <anonym type="letter" /> as in <anonym type="alpha" /> <punc type="stop" />
</decl>
<frag n="61" sp-act="refer" polarity="positive" topic="number" mode="partial-decl">
seat number 33 <punc type="stop" />
</frag>
<decl n="62" sp-act="state" polarity="positive" topic="seat" mode="decl">
and that's a forward facing seat in non-smoking <punc type="stop" />
</decl>
<frag n="63" sp-act="refer-abandon" polarity="positive" mode="interruption">
<overlap type="start" /> and that <punc type="incomplete" />
</frag>
</turn>
<turn n="32" speaker="B">
<dm n="64" sp-act="exclaim" mode="">
oh
</dm>
<decl n="65" sp-act="reqInfo" polarity="positive" topic="seat" mode="query">
you <overlap type="end" /> haven't got a you haven't got a rear facing <punc type="query" />
</decl>
</turn>
<turn n="33" speaker="A">
<decl n="66" sp-act="reqConfirm" polarity="positive" topic="journey" mode="query">
<pause /> you want backward travel <punc type="query" />
</decl>
</turn>
<turn n="34" speaker="B">
<dm n="67" sp-act="pardon" mode="regret">
sorry <punc type="stop" />
</dm>
<yes n="68" sp-act="confirm-acknowledge">
yes <punc type="stop" />
</yes>
<dm n="69" sp-act="apologise" mode="regret">
sorry <punc type="stop" />
</dm>
<frag n="70" sp-act="direct-refer" polarity="positive" topic="seat" mode="request-condition-decl">
rear facing if you have it please <punc type="stop" />
</frag>
</turn>
<turn n="35" speaker="A">
<decl n="71" sp-act="state" polarity="positive" mode="frag">
<pause length="5s" /> it's coach <anonym type="letter" /> for <anonym type="alpha" /> <punc type="level" />
</decl>
<frag n="72" sp-act="refer" polarity="positive" topic="number" mode="partial-decl">
seat number 15 <backchannel content="right" /> <punc type="stop" />
</frag>
<decl n="73" sp-act="state" polarity="positive" topic="journey" mode="decl">
and that's backward travel <punc type="stop" />
</decl>
<decl n="74" sp-act="state" polarity="positive" topic="location-to-journey-time-from-enum-day" mode="decl">
that's travelling tomorrow from Nuneaton to Euston on the 7:13 train in the morning <backchannel content="right" /> <punc type="stop" />
</decl>
<frag n="75" sp-act="state" polarity="positive" topic="time" mode="decl">
and to return at any time <punc type="stop" />
</frag>
</turn>
<turn n="36" speaker="B">
<dm n="76" sp-act="acknowledge" mode="tag">
ok <punc type="stop" />
</dm>
</turn>
<turn n="37" speaker="A">
<frag n="77" sp-act="reqInfo" polarity="positive" topic="name" mode="query">
and your surname <punc type="query" />
</frag>
</turn>
<turn n="38" speaker="B">
<frag n="78" sp-act="answer-refer" polarity="positive" mode="decl">
<anonym type="name" /> <punc type="stop" />
</frag>
<frag n="79" sp-act="elab-refer" polarity="positive" mode="decl">
<anonym type="letter" />  <anonym type="letter" />  <anonym type="letter" /> <punc type="stop" />
</frag>
</turn>
<turn n="39" speaker="A">
<frag n="80" sp-act="reqInfo" polarity="positive" topic="name" mode="query">
and your initial <punc type="query" />
</frag>
</turn>
<turn n="40" speaker="B">
<frag n="81" sp-act="answer-refer" polarity="positive" mode="decl">
<anonym type="letter" /> <punc type="stop" />
</frag>
</turn>
<turn n="41" speaker="A">
<frag n="82" sp-act="reqInfo" polarity="positive" topic="creditcard-address" mode="query">
<pause /> and your postcode to where your credit card is registered to <punc type="query" />
</frag>
</turn>
<turn n="42" speaker="B">
<dm n="83" sp-act="hesitate">
er
</dm>
<decl n="84" sp-act="answer-state" polarity="positive" mode="decl">
it's a corporate <punc type="stop" />
</decl>
<dm n="85" sp-act="hesitate">
er
</dm>
<q-yn n="86" sp-act="reqInfo" polarity="positive" mode="closed-query">
do you take accept American Express <punc type="query" />
</q-yn>
</turn>
<turn n="43" speaker="A">
<yes n="87" sp-act="answer-acknowledge">
yes <punc type="stop" />
</yes>
</turn>
<turn n="44" speaker="B">
<decl n="88" sp-act="state" polarity="positive" mode="decl">
you do <punc type="stop" />
</decl>
<yes n="89" sp-act="acknowledge">
yes <punc type="stop" />
</yes>
<dm n="90" sp-act="init">
so <punc type="level" />
</dm>
<dm n="91" sp-act="hesitate">
er
</dm>
<frag n="92" sp-act="refer" polarity="positive" mode="decl">
company corporate <punc type="stop" />
</frag>
</turn>
<turn n="45" speaker="A">
<dm n="93" sp-act="init">
now <punc type="level" />
</dm>
<decl n="94" sp-act="reqInfo" polarity="positive" topic="address" mode="query">
the postcode <punc type="query" />
</decl>
</turn>
<turn n="46" speaker="B">
<frag n="95" sp-act="reqInfo" polarity="positive" mode="query">
of the company <punc type="query" />
</frag>
</turn>
<turn n="47" speaker="A">
<yes n="96" sp-act="answer-acknowledge">
yes <punc type="stop" />
</yes>
</turn>
<turn n="48" speaker="B">
<dm n="97" sp-act="hesitate">
erm
</dm>
<dm n="98" sp-act="acknowledge">
right <punc type="stop" />
</dm>
</turn>
<turn n="49" speaker="A">
<q-yn n="99" sp-act="reqInfo" polarity="positive" topic="address" mode="alternative-closed-query">
or do you have the full address <punc type="query" />
</q-yn>
</turn>
<turn n="50" speaker="B">
<frag n="100" sp-act="answer-refer-abandon" polarity="positive" mode="abandon-disflu">
the the er <punc type="incomplete" />
</frag>
<yes n="101" sp-act="elab-acknowledge">
yeah <punc type="stop" />
</yes>
<frag n="102" sp-act="hold" polarity="positive" mode="hold-decl">
just a moment <punc type="stop" />
</frag>
<decl n="103" sp-act="state-abandon" polarity="positive" mode="exists-decl">
i've got <punc type="stop" />
</decl>
<decl n="104" sp-act="expressPossibility-hold" polarity="positive" topic="address" mode="hold-poss1-condition-decl">
i can give you a registered address if you just hold on a second <punc type="stop" />
</decl>
</turn>
<turn n="51" speaker="A">
<yes n="105" sp-act="acknowledge">
yes <punc type="stop" />
</yes>
<dm n="106" sp-act="agree">
sure <punc type="stop" />
</dm>
<address n="107" sp-act="refer">
Sir
</address>
</turn>
<turn n="52" speaker="B">
<decl n="108" sp-act="state" polarity="positive" mode="decl">
it's erm Fanshawe Cottage <punc type="stop" />
</decl>
<decl n="109" sp-act="stateCondition-abandon" polarity="positive" topic="address" mode="alternative-condition-interruption">
that's if just want the postcode or <punc type="incomplete" />
</decl>
</turn>
<turn n="53" speaker="A">
<no n="110" sp-act="negate">
no <punc type="stop" />
</no>
<imp n="111" sp-act="direct" polarity="positive" topic="address" mode="decl">
give me the postcode first of all <punc type="stop" />
</imp>
<yes n="112" sp-act="acknowledge">
yeah <punc type="stop" />
</yes>
</turn>
<turn n="54" speaker="B">
<frag n="113" sp-act="refer" polarity="positive" topic="enum" mode="frag">
<anonym type="letter" />  9 4 <punc type="level" />
</frag>
</turn>
<turn n="55" speaker="A">
<frag n="114" sp-act="echo-refer" polarity="positive" topic="enum" mode="frag">
<anonym type="letter" />  9 4 <punc type="level" />
</frag>
</turn>
<turn n="56" speaker="B">
<frag n="115" sp-act="state" polarity="positive" topic="enum" mode="decl">
7 <anonym type="letter" />  <anonym type="letter" />  <punc type="stop" />
</frag>
</turn>
<turn n="57" speaker="A">
<frag n="116" sp-act="echo-state" polarity="positive" topic="enum" mode="decl">
7 <anonym type="letter" />  <anonym type="letter" /> <punc type="stop" />
</frag>
<yes n="117" sp-act="acknowledge">
<pause /> yep <punc type="stop" />
</yes>
<decl n="118" sp-act="reqInfo" polarity="positive" mode="query">
and then it's <punc type="query" />
</decl>
</turn>
<turn n="58" speaker="B">
<decl n="119" sp-act="answer-state" polarity="positive" mode="decl">
it's <anonym type="letter" />  <anonym type="letter" />  <anonym type="letter" />  <punc type="stop" />
</decl>
</turn>
<turn n="59" speaker="A">
<dm n="120" sp-act="pardon" mode="regret">
sorry <punc type="stop" />
</dm>
<q-wh n="121" sp-act="reqInfo" polarity="positive" mode="query-exclaim-partial-query">
it's what <punc type="query" />
</q-wh>
</turn>
<turn n="60" speaker="B">
<frag n="122" sp-act="answer-state" polarity="positive" topic="name" mode="decl">
company name is <anonym type="letter" />  <anonym type="letter" />  <anonym type="letter" /> <punc type="stop" />
</frag>
</turn>
<turn n="61" speaker="A">
<dm n="123" sp-act="acknowledge">
<pause /> aha <punc type="stop" />
</dm>
<imp n="124" sp-act="direct" polarity="positive" topic="confirm-address" mode="request-decl">
<pause length="3s" /> and just confirm the rest of the address please <punc type="stop" />
</imp>
</turn>
<turn n="62" speaker="B">
<frag n="125" sp-act="refer" polarity="positive" mode="partial-frag">
Fanshawe Cottage <punc type="level" />
</frag>
<frag n="126" sp-act="refer" polarity="positive" mode="frag">
<anonym type="street" /> Drive <punc type="level" />
</frag>
<frag n="127" sp-act="refer" polarity="positive" mode="decl">
Redwich <punc type="stop" />
</frag>
</turn>
<turn n="63" speaker="A">
<dm n="128" sp-act="init">
<pause />  now
</dm>
<frag n="129" sp-act="reqInfo" polarity="positive" topic="telephone-number" mode="query">
your contact telephone number <punc type="query" />
</frag>
</turn>
<turn n="64" speaker="B">
<dm n="130" sp-act="hesitate">
er <pause /> 
</dm>
<frag n="131" sp-act="answer-refer" polarity="positive" topic="enum" mode="frag">
0 1 9 4 4 <punc type="level" />
</frag>
</turn>
<turn n="65" speaker="A">
<dm n="132" sp-act="acknowledge">
aha <punc type="stop" />
</dm>
</turn>
<turn n="66" speaker="B">
<frag n="133" sp-act="refer" polarity="positive" topic="enum" mode="decl">
4 8 4 4 2 9 <punc type="stop" />
</frag>
</turn>
<turn n="67" speaker="A">
<dm n="134" sp-act="init">
now
</dm>
<decl n="135" sp-act="state" polarity="positive" topic="refund-journey-cancel" mode="constrain-condition-decl">
it's a full refund if you have to cancel this ticket <punc type="stop" />
</decl>
<frag n="136" sp-act="refer" polarity="positive" topic="fare-number" mode="decl">
less five pounds <punc type="stop" />
</frag>
</turn>
<turn n="68" speaker="B">
<dm n="137" sp-act="acknowledge">
right <punc type="stop" />
</dm>
</turn>
<turn n="69" speaker="A">
<q-yn n="138" sp-act="direct-reqInfo" polarity="positive" topic="number-creditcard" mode="query">
and could you give me the long number across your credit card <punc type="query" />
</q-yn>
</turn>
<turn n="70" speaker="B">
<yes n="139" sp-act="acknowledge">
yeah <punc type="stop" />
</yes>
<frag n="140" sp-act="refer" polarity="positive" topic="enum" mode="frag">
8 4 9 7 <punc type="level" />
</frag>
</turn>
<turn n="71" speaker="A">
<frag n="141" sp-act="echo-refer" polarity="positive" topic="enum" mode="frag">
8 4 9 7 <punc type="level" />
</frag>
</turn>
<turn n="72" speaker="B">
<frag n="142" sp-act="refer" polarity="positive" topic="enum" mode="frag">
9 8 4 <punc type="level" />
</frag>
</turn>
<turn n="73" speaker="A">
<frag n="143" sp-act="echo-refer" polarity="positive" topic="enum" mode="frag">
9 8 4 <punc type="level" />
</frag>
</turn>
<turn n="74" speaker="B">
<frag n="144" sp-act="refer" polarity="positive" topic="enum" mode="frag">
4 4 4 <punc type="level" />
</frag>
</turn>
<turn n="75" speaker="A">
<frag n="145" sp-act="echo-refer" polarity="positive" topic="enum" mode="frag">
4 4 4 <punc type="level" />
</frag>
</turn>
<turn n="76" speaker="B">
<frag n="146" sp-act="refer" polarity="positive" topic="enum" mode="frag">
7 1 4 <punc type="level" />
</frag>
</turn>
<turn n="77" speaker="A">
<frag n="147" sp-act="echo-refer" polarity="positive" topic="enum" mode="frag">
7 1 4 <punc type="level" />
</frag>
</turn>
<turn n="78" speaker="B">
<frag n="148" sp-act="refer" polarity="positive" topic="enum" mode="decl">
7 8 <punc type="stop" />
</frag>
</turn>
<turn n="79" speaker="A">
<frag n="149" sp-act="echo-refer" polarity="positive" topic="enum" mode="decl">
7 8 <punc type="stop" />
</frag>
<frag n="150" sp-act="reqInfo" polarity="positive" topic="creditcard" mode="query">
and the expiry date <punc type="query" />
</frag>
</turn>
<turn n="80" speaker="B">
<dm n="151" sp-act="hesitate">
er
</dm>
<frag n="152" sp-act="answer-refer" polarity="positive" topic="enum" mode="decl">
2 7 <punc type="stop" />
</frag>
<dm n="153" sp-act="exclaim">
oh
</dm>
<frag n="154" sp-act="refer" polarity="" topic="" mode="">
2 2
</frag>
</turn>
<turn n="81" speaker="A">
<frag n="155" sp-act="echo-refer" polarity="positive" topic="enum" mode="decl">
2 7 2 2 <punc type="stop" />
</frag>
<dm n="156" sp-act="init">
now <punc type="level" />
</dm>
<decl n="157" sp-act="state" polarity="positive" topic="booking-number-day" mode="decl">
this is your reference number to quote tomorrow at the booking office <backchannel content="yeah" /> <punc type="stop" />
</decl>
<decl n="158" sp-act="direct-state" polarity="positive" topic="creditcard" mode="constrain-decl">
you need to take your credit card with you as well <backchannel content="yes" /> <punc type="stop" />
</decl>
<decl n="159" sp-act="state" polarity="positive" topic="enum" mode="frag">
and it's 4 4 2 1 <punc type="level" />
</decl>
</turn>
<turn n="82" speaker="B">
<yes n="160" sp-act="acknowledge">
yes <punc type="stop" />
</yes>
</turn>
<turn n="83" speaker="A">
<frag n="161" sp-act="refer" polarity="positive" topic="enum" mode="decl">
1 1 4 8 <punc type="stop" />
</frag>
<frag n="162" sp-act="refer" polarity="positive" mode="decl">
<pause /> and <anonym type="letter" />  for <anonym type="alpha" /> <punc type="stop" />
</frag>
</turn>
<turn n="84" speaker="B">
<frag n="163" sp-act="refer" polarity="positive" topic="enum" mode="frag">
4 4 2 1 <punc type="level" />
</frag>
<frag n="164" sp-act="refer" polarity="positive" topic="enum" mode="frag">
<pause /> 1 1 4 8 <punc type="level" />
</frag>
<frag n="165" sp-act="refer" polarity="positive" mode="decl">
<anonym type="letter" /> <punc type="stop" />
</frag>
</turn>
<turn n="85" speaker="A">
<dm n="166" sp-act="agree" mode="tag">
that's correct
</dm>
<address n="167" sp-act="refer" polarity="positive" mode="decl">
Mr <anonym type="name" /> <punc type="stop" />
</address>
<dm n="168" sp-act="reqConfirm" mode="query">
ok now <punc type="query" />
</dm>
</turn>
<turn n="86" speaker="B">
<frag n="169" sp-act="confirm-thank" polarity="positive" mode="thank-decl">
thank you very much <punc type="stop" />
</frag>
</turn>
<turn n="87" speaker="A">
<frag n="170" sp-act="thank" mode="thank-intro">
thank you for calling <punc type="stop" />
</frag>
<frag n="171" sp-act="bye" mode="farewell-closing">
<overlap type="start" /> bye <punc type="stop" />
</frag>
</turn>
<turn n="88" speaker="B">
<frag n="172" sp-act="echo-bye" mode="farewell-closing">
bye <overlap type="end" /> <punc type="stop" />
</frag>
</turn>
</dialogue>