<?xml version="1.0"?>
<dialogue corpus="trainline" lang="en" id="22">
<turn n="1" speaker="A">
<frag n="1" sp-act="greet" mode="greet-opening">
good afternoon <punc type="stop" />
</frag>
<frag n="2" sp-act="refer" polarity="positive" mode="frag">
Virgin Trainlines <punc type="level" />
</frag>
<frag n="3" sp-act="identifySelf" polarity="positive" mode="intro-partial-decl">
Sandra speaking <punc type="stop" />
</frag>
<q-wh n="4" sp-act="reqDirect" polarity="positive" topic="journey" mode="preference2-open-query">
for which journey do you wish to purchase a ticket <punc type="query" />
</q-wh>
</turn>
<turn n="2" speaker="B">
<dm n="5" sp-act="hesitate">
erm
</dm>
<frag n="6" sp-act="direct-refer" polarity="positive" topic="location-to-from" mode="partial-decl">
from London to Blackpool <punc type="stop" />
</frag>
</turn>
<turn n="3" speaker="A">
<dm n="7" sp-act="init">
now <punct type="level" />
</dm>
<q-yn n="8" sp-act="reqInfo" polarity="positive" topic="creditcard" mode="alternative-closed-query">
do you hold a current credit or debit card <punc type="query" />
</q-yn>
</turn>
<turn n="4" speaker="B">
<yes n="9" sp-act="answer-acknowledge">
yes <punc type="stop" />
</yes>
<decl n="10" sp-act="elab-state" polarity="positive" mode="decl">
i do <punc type="stop" />
</decl>
</turn>
<turn n="5" speaker="A">
<q-wh n="11" sp-act="reqInfo" polarity="positive" topic="number-journey" mode="query-open-query">
and how many people's travelling <punc type="query" />
</q-wh>
</turn>
<turn n="6" speaker="B">
<frag n="12" sp-act="answer-refer" polarity="positive" topic="enum" mode="decl">
7 <punc type="stop" />
</frag>
</turn>
<turn n="7" speaker="A">
<q-yn n="13" sp-act="reqInfo" polarity="positive" topic="railcard" mode="closed-query">
and does anyone have a railcard <punc type="query" />
</q-yn>
</turn>
<turn n="8" speaker="B">
<no n="14" sp-act="answer-negate">
no <punc type="stop" />
</no>
</turn>
<turn n="9" speaker="A">
<dm n="15" sp-act="init">
now <punct type="level" />
</dm>
<q-wh n="16" sp-act="reqDirect" polarity="positive" topic="location-from-date" mode="preference2-open-query">
what date would you like to depart from London <punc type="query" />
</q-wh>
</turn>
<turn n="10" speaker="B">
<frag n="17" sp-act="direct-refer" polarity="positive" topic="month-date-day" mode="decl">
Friday the 30th of October <punc type="stop" />
</frag>
</turn>
<turn n="11" speaker="A">
<frag n="18" sp-act="reqInfo" polarity="positive" topic="time-departure" mode="open-query">
<pause /> departing at what time around <punc type="query" />
</frag>
</turn>
<turn n="12" speaker="B">
<dm n="19" sp-act="init">
erm <pause /> well <punct type="level" />
</dm>
<decl n="20" sp-act="answer-stateIntent" polarity="positive" topic="fare-availability" mode="intent-preference1-decl">
i want to try to take advantage of any Savers that are available <punc type="stop" />
</decl>
<dm n="21" sp-act="init">
so
</dm>
<q-yn n="22" sp-act="reqInfo" polarity="positive" topic="time" mode="closed-query">
is that after 10 <punc type="query" />
</q-yn>
</turn>
<turn n="13" speaker="A">
<decl n="23" sp-act="stateIntent-hold" polarity="positive" topic="verify" mode="intent-benefit-decl">
<pause length="3s" /> i'll just check the times for <overlap type="start" /> you <punc type="stop" />
</decl>
</turn>
<turn n="14" speaker="B">
<frag n="24" sp-act="thank" mode="thank">
thanks <overlap type="end" /> <punc type="stop" />
</frag>
</turn>
<turn n="15" speaker="A">
<dm n="25" sp-act="init">
<pause length="24s" /> now <punct type="level" />
</dm>
<decl n="26" sp-act="hold" polarity="positive" topic="fare-journey-verify-day" mode="hold-benefit-decl">
i'm just checking through the day for you for an advance purchase ticket <punc type="stop" />
</decl>
</turn>
<turn n="16" speaker="B">
<dm n="27" sp-act="acknowledge" mode="tag">
<pause /> alright <punc type="stop" />
</dm>
</turn>
<turn n="17" speaker="A">
<dm n="28" sp-act="init">
<pause length="15s" /> now <punct type="level" />
</dm>
<decl n="29" sp-act="state" polarity="positive" topic="fare-enum-availability-journey-day" mode="decl">
the cheapest fare the is available travelling that day now <pause /> is going to be the Super Advance Return which is 33 pounds 50 each <punc type="stop" />
</decl>
<dm n="30" sp-act="init">
<pause /> now <punct type="level" />
</dm>
<decl n="31" sp-act="stateConstraint" polarity="positive" topic="time-availability-location-journey-from-enum" mode="poss1-constrain-condition-decl">
the only time that i can get availability on <pause /> is if you're travelling from Euston station at 9:35 in the morning <backchannel content="mhm" /> <punc type="stop" />
</decl>
<frag n="32" sp-act="state" polarity="positive" topic="location-time" mode="decl">
changing at Preston <backchannel content="mhm" /> <punc type="stop" />
</frag>
<frag n="33" sp-act="state" polarity="positive" topic="location-arrival" mode="decl">
arriving in Blackpool North for 13:24 <punc type="stop" />
</frag>
</turn>
<turn n="18" speaker="B">
<decl n="34" sp-act="reqConfirm" polarity="positive" topic="availability" mode="query">
and that's all that's available <punc type="query" />
</decl>
</turn>
<turn n="19" speaker="A">
<decl n="35" sp-act="stateOpt" polarity="positive" topic="time-availability" mode="exists-decl">
there's an afternoon train aval... available at 13:35 <punc type="stop" />
</decl>
<frag n="36" sp-act="state" polarity="positive" topic="location-time" mode="decl">
<pause /> changing at Preston <punc type="stop" />
</frag>
<decl n="37" sp-act="state" polarity="positive" topic="time-enum-arrival" mode="frag">
<pause /> you arrive at 16:28 depart at 16:56 <punc type="level" />
</decl>
<decl n="38" sp-act="state" polarity="positive" topic="location-time-arrival" mode="decl">
then you arrive in Blackpool North at 17:24 <punc type="stop" />
</decl>
</turn>
<turn n="20" speaker="B">
<no n="39" sp-act="negate">
no <punc type="stop" />
</no>
<decl n="40" sp-act="reject" polarity="positive" topic="time-availability" mode="reject-constrain-decl">
that's too late erm <pause length="4s" /> so that literally the only morning train available is 6:35 <punc type="stop" />
</decl>
</turn>
<turn n="21" speaker="A">
<frag n="41" sp-act="refer" polarity="positive" topic="fare-journey" mode="partial-frag">
with an advance purchase ticket <punc type="level" />
</frag>
<yes n="42" sp-act="acknowledge">
yeah <punc type="stop" />
</yes>
</turn>
<turn n="22" speaker="B">
<q-wh n="43" sp-act="reqInfo" polarity="positive" mode="open-query">
what does that mean then <punc type="query" />
</q-wh>
<q-wh n="44" sp-act="suggestOpt-reqInfo" polarity="positive" topic="booking" mode="condition-closed">
<pause /> what if i book <punc type="query" />
</q-wh>
</turn>
<turn n="23" speaker="A">
<dm n="45" sp-act="init">
well <punct type="level" />
</dm>
<decl n="46" sp-act="answer-state" polarity="positive" topic="fare-journey" mode="decl">
the advance purchase ticket is like a Walk-on <punc type="stop" />
</decl>
<frag n="47" sp-act="elab-abandon" polarity="positive" mode="abandon">
it <punc type="incomplete" />
</frag>
<dm n="48" sp-act="apologise" mode="regret">
sorry <punc type="stop" />
</dm>
<decl n="49" sp-act="state" polarity="positive" topic="fare-journey" mode="decl-disflu">
it's like an a reduced rate ticket then to your Walk-on fare <punc type="stop" />
</decl>
</turn>
<turn n="24" speaker="B">
<dm n="50" sp-act="exclaim">
oh
</dm>
<dm n="51" sp-act="acknowledge">
i see  <punc type="level" />
</dm>
<dm n="52" sp-act="acknowledge">
right <pause /> <punc type="stop" />
</dm>
<decl n="53" sp-act="reqConfirm" polarity="negative" topic="fare-availability-location" mode="alternative-exists-query">
so there's no Super Savers available or anything on that on there <punc type="query" />
</decl>
</turn>
<turn n="25" speaker="A">
<dm n="54" sp-act="init">
<pause /> well <punct type="level" />
</dm>
<decl n="55" sp-act="confirm-state" polarity="positive" topic="fare" mode="decl">
this is called a Super Advance Return <punc type="stop" />
</decl>
<decl n="56" sp-act="elab-state" polarity="positive" topic="journey-verify" mode="report-decl">
<pause /> the first ticket ticket i checked for was a Virgin Value <punc type="stop" />
</decl>
<decl n="57" sp-act="state" polarity="positive" topic="fare" mode="decl">
that's the cheapest <backchannel content="mm" /> <punc type="stop" />
</decl>
<decl n="58" sp-act="state" polarity="positive" topic="availability" mode="decl">
that's been booked up <punc type="stop" />
</decl>
<decl n="59" sp-act="state" polarity="positive" topic="verify" mode="report-frag">
then i checked the Apex <backchannel content="mm" /> <punc type="level" />
</decl>
<decl n="60" sp-act="state" polarity="positive" topic="availability" mode="decl">
and that's been booked up <punc type="stop" />
</decl>
<decl n="61" sp-act="state" polarity="positive" topic="fare-number" mode="decl">
so the Super Advance is the the <backchannel content="unclear 3 syllables" /> next one that's cheaper <punc type="stop" />
</decl>
</turn>
<turn n="26" speaker="B">
<q-yn n="62" sp-act="direct-reqInfo" polarity="positive" topic="journey-verify-time-day" mode="query">
would you mind try... er checking for me then erm to travel on the Thursday <pause /> in the evening <punc type="query" />
</q-yn>
</turn>
<turn n="27" speaker="A">
<decl n="63" sp-act="reqConfirm" polarity="positive" mode="query">
<pause length="2s" /> the 29th <punc type="query" />
</decl>
</turn>
<turn n="28" speaker="B">
<yes n="64" sp-act="confirm-acknowledge">
yeah <pause length="2s" /> <punc type="stop" />
</yes>
<dm n="65" sp-act="init">
well <punct type="level" />
</dm>
<frag n="66" sp-act="suggestOpt" polarity="positive" topic="time-enum" mode="decl">
say from 4 o'clock onwards <punc type="stop" />
</frag>
</turn>
<turn n="29" speaker="A">
<decl n="67" sp-act="reqConfirm" polarity="positive" topic="fare" mode="query">
<pause length="35s" /> we're talking about the Super Advance again <punc type="query" />
</decl>
</turn>
<turn n="30" speaker="B">
<dm n="68" sp-act="confirm-acknowledge">
mhm <punc type="stop" />
</dm>
</turn>
<turn n="31" speaker="A">
<frag n="69" sp-act="reqConfirm" polarity="positive" topic="enum-fare" mode="query">
<pause length="2s" /> and <pause /> that <pause /> the <pause /> 33 pounds 50 each <punc type="query" />
</frag>
</turn>
<turn n="32" speaker="B">
<yes n="70" sp-act="confirm-acknowledge">
yeah <punc type="stop" />
</yes>
</turn>
<turn n="33" speaker="A">
<dm n="71" sp-act="init">
now <punct type="level" />
</dm>
<decl n="72" sp-act="stateConstraint" polarity="positive" topic="availability-location-from-enum" mode="poss1-constrain-decl">
the only train that i can get availability on is the 16:34 <backchannel content="yeah" /> from Euston <punc type="stop" />
</decl>
<frag n="73" sp-act="abandon" polarity="positive" topic="time" mode="abandon">
<pause /> changing at Bla... <punc type="incomplete" />
</frag>
<dm n="74" sp-act="apologise" mode="regret">
sorry <punc type="stop" />
</dm>
<frag n="75" sp-act="correctSelf" polarity="positive" topic="location-time" mode="decl">
changing at Preston <backchannel content="mm" /> <punc type="stop" />
</frag>
<decl n="76" sp-act="state" polarity="positive" topic="location-arrival" mode="decl">
and you arrive in Blackpool North for 20:15 <punc type="stop" />
</decl>
</turn>
<turn n="34" speaker="B">
<decl n="77" sp-act="reqConfirm" polarity="positive" topic="availability-number-location" mode="constrain-query">
and that's the only available one there <punc type="query" />
</decl>
</turn>
<turn n="35" speaker="A">
<yes n="78" sp-act="confirm-acknowledge">
yeah <punc type="stop" />
</yes>
</turn>
<turn n="36" speaker="B">
<q-yn n="79" sp-act="reqInfo" polarity="negative" topic="location-to" mode="exists-closed-query">
so are there no trains that go directly to Blackpool <punc type="query" />
</q-yn>
<decl n="80" sp-act="reqInfo" polarity="positive" mode="constrain-query">
you always have to change <punc type="query" />
</decl>
</turn>
<turn n="37" speaker="A">
<decl n="81" sp-act="answer-state" polarity="positive" topic="availability" mode="decl">
the direct services are all <overlap type="start" /> booked up <punc type="stop" />
</decl>
<decl n="82" sp-act="elab-state" polarity="positive" topic="verify" mode="report-decl">
<pause /> i've checked them first of all <punc type="stop" />
</decl>
</turn>
<turn n="38" speaker="B">
<frag n="83" sp-act="echo" polarity="positive" topic="booking" mode="decl">
fully booked <punc type="stop" />
</frag>
<dm n="84" sp-act="acknowledge">
right <punc type="stop" />
</dm>
<yes n="85" sp-act="acknowledge">
yeah <overlap type="end" /> <punc type="stop" />
</yes>
<no n="86" sp-act="negate">
no <punc type="stop" />
</no>
<decl n="87" sp-act="state" polarity="positive" mode="condition-doubt-query">
i just wondered if you if they went direct erm <punc type="query" />
</decl>
<dm n="88" sp-act="exclaim" polarity="positive" mode="exclaim-decl">
<pause length="1s" /> oh dear <punc type="stop" />
</dm>
<dm n="89" sp-act="init">
<pause length="4s" /> so <punc type="level" />
</dm>
<dm n="90" sp-act="init">
<pause length="2s" /> well <punct type="level" />
</dm>
<decl n="91" sp-act="expressNonAwareness" polarity="negative" mode="report-nonawareness-decl">
i don't know what to do <punc type="stop" />
</decl>
<decl n="92" sp-act="stateIntent-hold" polarity="positive" topic="verify" mode="intent-constrain-decl">
i'll have to check with my husband <punc type="stop" />
</decl>
<decl n="93" sp-act="stateIntent" polarity="positive" topic="time" mode="intent-opinion-decl">
i think i'm going to call back later and just take a chance <punc type="stop" />
</decl>
</turn>
<turn n="39" speaker="A">
<dm n="94" sp-act="acknowledge">
right <punc type="stop" />
</dm>
<dm n="95" sp-act="init">
well <punct type="level" />
</dm>
<frag n="96" sp-act="refer-abandon" polarity="positive" mode="abandon">
you <pause /> <punc type="incomplete" />
</frag>
<decl n="97" sp-act="refer" polarity="positive" topic="fare" mode="frag">
the Super Advance Return <punc type="level" />
</decl>
<decl n="98" sp-act="stateConstraint" polarity="positive" topic="time-booking-journey-enum-day" mode="constrain-decl">
you must book by 2 o'clock the day before travel <punc type="stop" />
</decl>
</turn>
<turn n="40" speaker="B">
<yes n="99" sp-act="acknowledge">
yeah <punc type="stop" />
</yes>
<dm n="100" sp-act="acknowledge" mode="tag">
<overlap type="start" /> ok <punc type="stop" />
</dm>
</turn>
<turn n="41" speaker="A">
<decl n="101" sp-act="state" polarity="positive" topic="availability" mode="constrain-decl">
and <overlap type="end" /> that's subject to availability <punc type="stop" />
</decl>
</turn>
<turn n="42" speaker="B">
<yes n="102" sp-act="acknowledge">
yeah <punc type="stop" />
</yes>
</turn>
<turn n="43" speaker="A">
<frag n="103" sp-act="uninterpretable" polarity="positive" mode="constrain-decl">
but <overlap type="start" /> <unclear length="3_syllables" /> <punc type="stop" />
</frag>
</turn>
<turn n="44" speaker="B">
<frag n="104" sp-act="uninterpretable" polarity="positive" mode="decl">
<unclear length="7_syllables" /> <overlap type="end" /> <punc type="stop" />
</frag>
</turn>
<turn n="45" speaker="A">
<dm n="105" sp-act="acknowledge">
aha <punc type="stop" />
</dm>
</turn>
<turn n="46" speaker="B">
<q-wh n="106" sp-act="reqInfo" polarity="positive" topic="number" mode="reason-open-query">
cos what's the other one <punc type="query" />
</q-wh>
<decl n="107" sp-act="state" polarity="positive" topic="number-time" mode="alternative-decl">
the other one we got before was it a twin a value twin or something <punc type="stop" />
</decl>
<decl n="108" sp-act="reqInfo-expressOpinion" polarity="positive" mode="opinion-query">
<pause /> they're all gone as well i suppose <punc type="query" />
</decl>
</turn>
<turn n="47" speaker="A">
<dm n="109" sp-act="hesitate">
er
</dm>
<decl n="110" sp-act="answer-state" polarity="positive" topic="number" mode="opinion-probability-condition-decl">
it was the probably a twosome if it was two people <punc type="stop" />
</decl>
</turn>
<turn n="48" speaker="B">
<frag n="111" sp-act="echo-state" polarity="positive" mode="decl">
twosome <punc type="stop" />
</frag>
<yes n="112" sp-act="acknowledge">
yeah <punc type="stop" />
</yes>
</turn>
<turn n="49" speaker="A">
<decl n="113" sp-act="state" polarity="negative" topic="availability-journey" mode="decl-disflu">
the twoso... <pause /> the twosome is no longer an available ticket <punc type="stop" />
</decl>
</turn>
<turn n="50" speaker="B">
<dm n="114" sp-act="exclaim">
oh
</dm>
<q-yn n="115" sp-act="reqConfirm" polarity="negative" mode="tag-closed-query">
isn't it <punc type="query" />
</q-yn>
</turn>
<turn n="51" speaker="A">
<decl n="116" sp-act="confirm-state" polarity="positive" mode="decl">
it's a Virgin groupie <punc type="stop" />
</decl>
<decl n="117" sp-act="elab-state" polarity="positive" topic="enum-journey" mode="alternative-decl">
and it has to be 2 or 4 people travelling <punc type="stop" />
</decl>
</turn>
<turn n="52" speaker="B">
<dm n="118" sp-act="acknowledge">
right <punc type="stop" />
</dm>
<dm n="119" sp-act="acknowledge" mode="tag">
ok <punc type="stop" />
</dm>
</turn>
<turn n="53" speaker="A">
<frag n="120" sp-act="stateCondition" polarity="positive" topic="fare-availability-time" mode="condition-frag">
<pause /> so if every Super Advance Return is booked up by the time you call back <punc type="level" />
</frag>
<frag n="121" sp-act="state" polarity="positive" topic="journey-day" mode="frag">
<pause /> then travelling on the Friday <punc type="level" />
</frag>
<decl n="122" sp-act="predict" polarity="positive" topic="fare-enum" mode="predict-decl">
it's going to cost you 52 pounds each <punc type="stop" />
</decl>
</turn>
<turn n="54" speaker="B">
<dm n="123" sp-act="acknowledge">
right <punc type="stop" />
</dm>
<q-yn n="124" sp-act="direct-reqInfo" polarity="positive" topic="journey-enum" mode="exists-condition-query">
<pause /> can you just give me a price if there's er 2 of us travelling <punc type="query" />
</q-yn>
<decl n="125" sp-act="expressPossibility-stateReason" polarity="positive" topic="booking-journey" mode="reason-poss1-constrain-decl">
<pause /> cos i mean i might have to end up booking the other people's tickets as well <punc type="stop" />
</decl>
<dm n="126" sp-act="init">
so <punc type="level" />
</dm>
</turn>
<turn n="55" speaker="A">
<dm n="127" sp-act="acknowledge">
<pause length="1s" /> right <punc type="stop" />
</dm>
<decl n="128" sp-act="hold" polarity="positive" mode="hold-condition-frag">
if you just bear with me <punc type="level" />
</decl>
<decl n="129" sp-act="stateIntent-hold" polarity="positive" topic="availability-verify" mode="intent-decl">
i'll just check availability <punc type="stop" />
</decl>
<dm n="130" sp-act="init">
<pause length="2s" /> now <punct type="level" />
</dm>
<q-yn n="131" sp-act="reqDirect" polarity="positive" topic="day" mode="preference2-closed-query">
do you want to start on the Friday again <punc type="query" />
</q-yn>
</turn>
<turn n="56" speaker="B">
<yes n="132" sp-act="direct-acknowledge">
yeah
</yes>
<frag n="133" sp-act="elab-direct" polarity="positive" mode="request-decl">
please <punc type="stop" />
</frag>
</turn>
<turn n="57" speaker="A">
<dm n="134" sp-act="expressRegret">
<pause length="37s" /> unfortunately
</dm>
<decl n="135" sp-act="stateConstraint" polarity="positive" topic="availability-journey" mode="constrain-decl">
that ticket's fully booked up as well <punc type="stop" />
</decl>
<decl n="136" sp-act="state" polarity="positive" topic="enum-fare" mode="decl">
<pause /> it is 59 pounds <backchannel content="mhm" /> for up to 4 <pause /> 2 to 4 people return <punc type="stop" />
</decl>
<decl n="137" sp-act="stateConstraint" polarity="negative" topic="availability-date" mode="alternative-exists-constrain-decl">
but there's none available for the dates and times on the 29th or the 30th <punc type="stop" />
</decl>
</turn>
<turn n="58" speaker="B">
<dm n="138" sp-act="exclaim">
oh
</dm>
<frag n="139" sp-act="acknowledge" polarity="positive" mode="tag-decl">
ok then <punc type="stop" />
</frag>
<dm n="140" sp-act="acknowledge" mode="tag">
alright <punc type="stop" />
</dm>
<decl n="141" sp-act="stateIntent" polarity="positive" topic="number-time" mode="intent-poss1-constrain-condition-decl-disflu">
i i'll have to take a chance and call back later and see if i can get the other one <punc type="stop" />
</decl>
</turn>
<turn n="59" speaker="A">
<dm n="142" sp-act="acknowledge" mode="tag">
ok then <punc type="stop" />
</dm>
</turn>
<turn n="60" speaker="B">
<dm n="143" sp-act="acknowledge" mode="tag">
alright <punc type="stop" />
</dm>
<frag n="144" sp-act="thank" mode="thank-benefit">
<overlap type="start" /> thanks for your help <punc type="stop" />
</frag>
</turn>
<turn n="61" speaker="A">
<frag n="145" sp-act="thank" mode="thank">
thanks for calling <punc type="stop" />
</frag>
<frag n="146" sp-act="bye" mode="farewell-closing">
bye <overlap type="end" />  <punc type="stop" />
</frag>
</turn>
</dialogue>