<?xml version="1.0"?>
<dialogue corpus="trainline" lang="en" id="33">
<turn n="1" speaker="A">
<frag n="1" sp-act="greet" mode="greet-opening">
good morning <punc type="stop" />
</frag>
<frag n="2" sp-act="refer" polarity="positive" mode="frag">
Virgin Trainlines <punc type="level" />
</frag>
<frag n="3" sp-act="identifySelf" polarity="positive" mode="intro-partial-decl">
Sandra speaking <punc type="stop" />
</frag>
</turn>
<turn n="2" speaker="B">
<dm n="4" sp-act="hesitate">
erm
</dm>
<decl n="5" sp-act="expressWish" polarity="positive" topic="location-journey-to-from" mode="intent-preference1-decl">
i'd like to purchase a ticket for the journey from Euston to Liverpool Lime Street <punc type="stop" />
</decl>
</turn>
<turn n="3" speaker="A">
<dm n="6" sp-act="init">
now <punct type="level" />
</dm>
<q-yn n="7" sp-act="reqInfo" polarity="positive" topic="creditcard" mode="alternative-closed-query">
do you hold a current debit or credit card <punc type="query" />
</q-yn>
</turn>
<turn n="4" speaker="B">
<frag n="8" sp-act="answer-refer" polarity="positive" topic="creditcard" mode="decl">
credit card <punc type="stop" />
</frag>
</turn>
<turn n="5" speaker="A">
<q-wh n="9" sp-act="reqInfo" polarity="positive" topic="number-journey" mode="query-open-query">
and how many people's travelling <punc type="query" />
</q-wh>
</turn>
<turn n="6" speaker="B">
<frag n="10" sp-act="answer-refer" polarity="positive" topic="number" mode="decl">
1 <punc type="stop" />
</frag>
</turn>
<turn n="7" speaker="A">
<q-wh n="11" sp-act="reqInfo" polarity="positive" topic="journey-date" mode="open-query">
and what date is it you're travelling <punc type="query" />
</q-wh>
</turn>
<turn n="8" speaker="B">
<dm n="12" sp-act="hesitate">
er
</dm>
<frag n="13" sp-act="answer-refer" polarity="positive" topic="month-date" mode="decl">
6th of October <punc type="stop" />
</frag>
</turn>
<turn n="9" speaker="A">
<q-wh n="14" sp-act="reqDirect" polarity="positive" topic="location-time-from" mode="preference2-open-query">
and what time would you like to depart from Euston <punc type="query" />
</q-wh>
</turn>
<turn n="10" speaker="B">
<dm n="15" sp-act="hesitate">
erm
</dm>
<frag n="16" sp-act="direct-refer" polarity="positive" topic="time-enum" mode="decl">
8 o'clock <punc type="stop" />
</frag>
</turn>
<turn n="11" speaker="A">
<frag n="17" sp-act="reqInfo" polarity="positive" topic="time" mode="alternative-partial-query">
in the morning or <overlap type="start" /> evening <punc type="query" />
</frag>
</turn>
<turn n="12" speaker="B">
<frag n="18" sp-act="answer-refer" polarity="positive" topic="time" mode="partial-decl">
<unclear length="7 syllables" /> <overlap type="end" /> in the morning <punc type="stop" />
</frag>
</turn>
<turn n="13" speaker="A">
<q-wh n="19" sp-act="reqInfo" polarity="positive" topic="time-return" mode="open-query">
and when is it you're returning <punc type="query" />
</q-wh>
</turn>
<turn n="14" speaker="B">
<dm n="20" sp-act="hesitate">
em
</dm>
<frag n="21" sp-act="answer-refer" polarity="positive" topic="day" mode="decl">
the same day <punc type="stop" />
</frag>
<frag n="22" sp-act="elab-refer" polarity="positive" topic="time" mode="partial-decl">
<pause /> at quarter to 7 <punc type="stop" />
</frag>
<frag n="23" sp-act="refer" polarity="positive" mode="decl">
6:45 <punc type="stop" />
</frag>
</turn>
<turn n="15" speaker="A">
<frag n="24" sp-act="echo-state" polarity="positive" mode="decl">
<pause /> 6:45 <punc type="stop" />
</frag>
</turn>
<turn n="16" speaker="B">
<dm n="25" sp-act="acknowledge">
right <punc type="stop" />
</dm>
</turn>
<turn n="17" speaker="A">
<q-yn n="26" sp-act="reqInfo" polarity="positive" mode="closed-query">
and is it standard class <punc type="query" />
</q-yn>
</turn>
<turn n="18" speaker="B">
<yes n="27" sp-act="answer-acknowledge">
yep <punc type="stop" />
</yes>
</turn>
<turn n="19" speaker="A">
<q-yn n="28" sp-act="reqInfo" polarity="positive" topic="railcard" mode="closed-query">
do you hold a current railcard <punc type="query" />
</q-yn>
</turn>
<turn n="20" speaker="B">
<no n="29" sp-act="answer-negate">
no <punc type="stop" />
</no>
<decl n="30" sp-act="elab-state" polarity="negative" mode="decl">
we don't <punc type="stop" />
</decl>
</turn>
<turn n="21" speaker="A">
<dm n="31" sp-act="init">
now <punct type="level" />
</dm>
<decl n="32" sp-act="stateIntent-hold" polarity="positive" topic="fare-availability-verify" mode="intent-report-hold-decl">
i'm just going to check to see what's your cheapest fare available <backchannel content="ok" /> to you <punc type="stop" />
</decl>
</turn>
<turn n="22" speaker="B">
<dm n="33" sp-act="acknowledge">
right <punc type="stop" />
</dm>
</turn>
<turn n="23" speaker="A">
<dm n="34" sp-act="init">
<pause length="4s" /> now <punct type="level" />
</dm>
<decl n="35" sp-act="state" polarity="negative" topic="fare-enum-time" mode="decl">
that 7 o'clock train doesn't have <pause /> any of the 19 pounds Virgin Value fares <backchannel content="right" /> for Super Advance <punc type="stop" />
</decl>
</turn>
<turn n="24" speaker="B">
<dm n="36" sp-act="acknowledge">
right <punc type="stop" />
</dm>
</turn>
<turn n="25" speaker="A">
<decl n="37" sp-act="state" polarity="positive" topic="fare-time-return" mode="offer-poss1-frag">
the cheapest fare that i can offer you going out at that time and returning at 6:45 <punc type="level" />
</decl>
<decl n="38" sp-act="stateIntent-hold" polarity="positive" topic="verify" mode="intent-hold-benefit-decl">
i'm just checking that for you <punc type="stop" />
</decl>
</turn>
<turn n="26" speaker="B">
<dm n="39" sp-act="acknowledge">
right <punc type="stop" />
</dm>
</turn>
<turn n="27" speaker="A">
<dm n="40" sp-act="init">
<pause length="9s" /> now <punct type="level" />
</dm>
<decl n="41" sp-act="expressPossibility-abandon" polarity="positive" mode="poss2-suggest-abandon">
you could <punc type="incomplete" />
</decl>
<decl n="42" sp-act="expressPossibility" polarity="positive" topic="booking" mode="poss2-frag">
you can book the Virgin Value Business <punc type="level" />
</decl>
<decl n="43" sp-act="state" polarity="positive" topic="fare-enum" mode="decl">
which is 75 pounds return <punc type="stop" />
</decl>
</turn>
<turn n="28" speaker="B">
<dm n="44" sp-act="acknowledge">
right <punc type="stop" />
</dm>
</turn>
<turn n="29" speaker="A">
<decl n="45" sp-act="stateConstraint" polarity="positive" mode="constrain-decl">
you must stick to the outward train <punc type="stop" />
</decl>
<decl n="46" sp-act="stateCondition" polarity="positive" topic="fare-miss-journey" mode="constrain-condition-frag-disflu">
but if you re... miss the train on the return journey <punc type="level" />
</decl>
</turn>
<turn n="30" speaker="B">
<yes n="47" sp-act="acknowledge">
yeah <punc type="stop" />
</yes>
</turn>
<turn n="31" speaker="A">
<decl n="48" sp-act="expressPossibility" polarity="positive" topic="availability-number" mode="poss2-decl">
you can get the next available <overlap type="start" /> one <punc type="stop" />
</decl>
</turn>
<turn n="32" speaker="B">
<dm n="49" sp-act="exclaim">
ah
</dm>
<decl n="50" sp-act="approve" polarity="positive" mode="decl">
<overlap type="end" /> that's great <punc type="stop" />
</decl>
<decl n="51" sp-act="approve" polarity="positive" mode="decl">
that'd be great <punc type="stop" />
</decl>
<decl n="52" sp-act="approve" polarity="positive" mode="reassurance-decl">
that's fine <punc type="stop" />
</decl>
<yes n="53" sp-act="acknowledge">
yeah <punc type="stop" />
</yes>
<decl n="54" sp-act="stateIntent" polarity="positive" topic="number" mode="intent-preference1-decl">
we'll go for that one then <punc type="stop" />
</decl>
</turn>
<turn n="33" speaker="A">
<dm n="55" sp-act="init">
now <punct type="level" />
</dm>
<dm n="56" sp-act="init">
<pause /> so
</dm>
<decl n="57" sp-act="stateIntent" polarity="positive" topic="booking-number-return" mode="intent-decl">
i'll provisionally book you on the one returning <punc type="stop" />
</decl>
</turn>
<turn n="34" speaker="B">
<yes n="58" sp-act="acknowledge">
yes <punc type="stop" />
</yes>
</turn>
<turn n="35" speaker="A">
<decl n="59" sp-act="stateConstraint" polarity="positive" topic="booking-number" mode="constrain-decl">
but i have to book you on the one going <overlap type="start" /> out <punc type="stop" />
</decl>
</turn>
<turn n="36" speaker="B">
<yes n="60" sp-act="acknowledge">
yes <punc type="stop" />
</yes>
<decl n="61" sp-act="approve" polarity="positive" mode="reassurance-decl">
<overlap type="end" /> that's fine <punc type="stop" />
</decl>
<yes n="62" sp-act="acknowledge">
yes <punc type="stop" />
</yes>
<dm n="63" sp-act="agree" mode="conviction">
definitely <punc type="stop" />
</dm>
<dm n="64" sp-act="init">
em well <punc type="level" />
</dm>
<decl n="65" sp-act="expressWish" polarity="positive" topic="number" mode="intent-preference1-decl">
the one going out is especially the one we want to be on <punc type="stop" />
</decl>
<frag n="66" sp-act="state" polarity="positive" mode="frag">
so coming back <punc type="level" />
</frag>
<decl n="67" sp-act="state" polarity="negative" mode="decl">
it's not so important <punc type="stop" />
</decl>
<decl n="68" sp-act="approve" polarity="positive" mode="decl">
so that's great <punc type="stop" />
</decl>
</turn>
<turn n="37" speaker="A">
<dm n="69" sp-act="init">
now <punct type="level" />
</dm>
<q-yn n="70" sp-act="reqInfo" polarity="positive" topic="seat" mode="alternative-closed-query">
is it smoking or non-smoking <punc type="query" />
</q-yn>
</turn>
<turn n="38" speaker="B">
<dm n="71" sp-act="hesitate">
erm
</dm>
<frag n="72" sp-act="answer-direct-refer" polarity="positive" topic="seat" mode="request-decl">
non-smoking please <punc type="stop" />
</frag>
</turn>
<turn n="39" speaker="A">
<dm n="73" sp-act="init">
<pause length="2s" /> so <punc type="level" />
</dm>
<decl n="74" sp-act="state" polarity="positive" topic="month-date" mode="frag">
it's the 6th of October <backchannel content="mhm" /> <punc type="level" />
</decl>
<frag n="75" sp-act="state" polarity="positive" topic="location-time-journey-from-enum" mode="decl">
travelling from London Euston at 7 p m in the morning <punc type="stop" />
</frag>
</turn>
<turn n="40" speaker="B">
<yes n="76" sp-act="acknowledge">
yes <punc type="stop" />
</yes>
</turn>
<turn n="41" speaker="A">
<frag n="77" sp-act="state" polarity="positive" topic="location-time-arrival" mode="decl">
arriving in Liverpool Lime Street at 10:50 <punc type="stop" />
</frag>
</turn>
<turn n="42" speaker="B">
<yes n="78" sp-act="acknowledge">
yes <punc type="stop" />
</yes>
<dm n="79" sp-act="agree" mode="reassurance-tag">
that's right <punc type="stop" />
</dm>
</turn>
<turn n="43" speaker="A">
<frag n="80" sp-act="state" polarity="positive" topic="day-return" mode="frag">
returning that day <punc type="level" />
</frag>
<frag n="81" sp-act="hold" polarity="positive" topic="booking" mode="decl">
just <pause /> booking your seat again <punc type="stop" />
</frag>
<frag n="82" sp-act="refer" polarity="positive" topic="time" mode="partial-decl">
<pause /> at 14:45 <punc type="stop" />
</frag>
</turn>
<turn n="44" speaker="B">
<yes n="83" sp-act="acknowledge">
yes <punc type="stop" />
</yes>
</turn>
<turn n="45" speaker="A">
<frag n="84" sp-act="state" polarity="positive" topic="time-arrival" mode="decl">
arriving at 17:35 <punc type="stop" />
</frag>
</turn>
<turn n="46" speaker="B">
<frag n="85" sp-act="agree" polarity="positive" mode="decl">
correct <punc type="stop" />
</frag>
</turn>
<turn n="47" speaker="A">
<frag n="86" sp-act="direct" polarity="positive" mode="decl">
remembering <punc type="stop" />
</frag>
<frag n="87" sp-act="refer" polarity="positive" topic="journey" mode="partial-frag">
with that ticket <punc type="level" />
</frag>
<decl n="88" sp-act="stateCondition" polarity="positive" topic="miss" mode="condition-frag">
<pause /> if you miss that service <punc type="level" />
</decl>
<decl n="89" sp-act="expressPossibility" polarity="positive" topic="availability" mode="poss2-decl">
you are able to get the next available train <punc type="stop" />
</decl>
</turn>
<turn n="48" speaker="B">
<yes n="90" sp-act="acknowledge">
yes <punc type="stop" />
</yes>
<dm n="91" sp-act="approve">
lovely <punc type="stop" />
</dm>
<frag n="92" sp-act="thank" polarity="positive" mode="thank-decl">
thank you <punc type="stop" />
</frag>
</turn>
<turn n="49" speaker="A">
<dm n="93" sp-act="init">
now <punct type="level" />
</dm>
<frag n="94" sp-act="refer" polarity="positive" mode="partial-frag">
with the Virgin Value Business <backchannel content="yes" /> <punc type="level" />
</frag>
<decl n="95" sp-act="stateCondition" polarity="positive" topic="cancel" mode="constrain-condition-frag">
if you have to cancel <punc type="level" />
</decl>
<decl n="96" sp-act="state" polarity="positive" topic="fare-refund-enum" mode="decl">
then it's a full refund less 5 pounds admin charge <punc type="stop" />
</decl>
</turn>
<turn n="50" speaker="B">
<dm n="97" sp-act="acknowledge" mode="tag">
ok <punc type="stop" />
</dm>
<decl n="98" sp-act="approve" polarity="positive" mode="reassurance-decl">
that's fine <punc type="stop" />
</decl>
</turn>
<turn n="51" speaker="A">
<frag n="99" sp-act="reqInfo" polarity="positive" topic="name-creditcard" mode="query">
and the surname of the credit card holder <punc type="query" />
</frag>
</turn>
<turn n="52" speaker="B">
<dm n="100" sp-act="hesitate">
em
</dm>
<frag n="101" sp-act="refer" polarity="positive" topic="name">
<anonym type="name" /> <punc type="stop" />
</frag>
<decl n="102" sp-act="answer-state" polarity="positive" mode="decl">
that's <anonym type="letter" /> double <anonym type="letter" /> <anonym type="letter" /> <anonym type="letter" /> <punc type="stop" />
</decl>
</turn>
<turn n="53" speaker="A">
<frag n="103" sp-act="reqInfo" polarity="positive" topic="name" mode="query">
and the initial <punc type="query" />
</frag>
</turn>
<turn n="54" speaker="B">
<frag n="104" sp-act="answer-refer" polarity="positive" mode="decl">
<anonym type="letter" /> <punc type="stop" />
</frag>
</turn>
<turn n="55" speaker="A">
<frag n="105" sp-act="reqInfo" polarity="positive" topic="name" mode="query">
and the title <punc type="query" />
</frag>
</turn>
<turn n="56" speaker="B">
<dm n="106" sp-act="init">
erm well <punct type="level" />
</dm>
<decl n="107" sp-act="answer-state" polarity="positive" mode="decl">
it's a company <punc type="stop" />
</decl>
<imp n="108" sp-act="direct" polarity="positive" mode="decl">
<pause /> see <punc type="stop" />
</imp>
<decl n="109" sp-act="reqConfirm" polarity="positive" topic="name" mode="intent-tag-query">
i'll give you the company name shall i <punc type="query" />
</decl>
</turn>
<turn n="57" speaker="A">
<dm n="110" sp-act="init">
well <punct type="level" />
</dm>
<no n="111" sp-act="negate">
no <punc type="stop" />
</no>
<frag n="112" sp-act="refer" polarity="positive" topic="name" mode="decl">
title <punc type="stop" />
</frag>
<q-yn n="113" sp-act="reqInfo" polarity="positive" mode="closed-query">
is it a Miss Mrs <punc type="query" />
</q-yn>
</turn>
<turn n="58" speaker="B">
<dm n="114" sp-act="exclaim">
oh
</dm>
<decl n="115" sp-act="apologise" polarity="positive" mode="regret-decl">
i'm sorry <punc type="stop" />
</decl>
<frag n="116" sp-act="answer-refer" polarity="positive" mode="decl">
Mr <punc type="stop" />
</frag>
<dm n="117" sp-act="exclaim">
ha ha <punc type="stop" />
</dm>
<decl n="118" sp-act="apologise" polarity="positive" mode="regret-decl">
i'm <overlap type="start" /> sorry <punc type="stop" />
</decl>
</turn>
<turn n="59" speaker="A">
<frag n="119" sp-act="reqInfo" polarity="positive" topic="telephone-number" mode="query">
and <overlap type="end" /> the contact telephone number <punc type="query" />
</frag>
</turn>
<turn n="60" speaker="B">
<frag n="120" sp-act="answer-refer" polarity="positive" topic="enum" mode="frag">
0 1 0 6 1 <punc type="level" />
</frag>
</turn>
<turn n="61" speaker="A">
<dm n="121" sp-act="acknowledge">
aha <punc type="stop" />
</dm>
</turn>
<turn n="62" speaker="B">
<frag n="122" sp-act="refer" polarity="positive" topic="enum" mode="frag">
6 7 3 <punc type="level" />
</frag>
</turn>
<turn n="63" speaker="A">
<dm n="123" sp-act="acknowledge">
aha <punc type="stop" />
</dm>
</turn>
<turn n="64" speaker="B">
<frag n="124" sp-act="state" polarity="positive" topic="enum" mode="decl">
7 hundred <punc type="stop" />
</frag>
</turn>
<turn n="65" speaker="A">
<dm n="125" sp-act="init">
<pause /> now <punct type="level" />
</dm>
<decl n="126" sp-act="reqInfo" polarity="positive" topic="creditcard-address" mode="query">
the postcode to where the credit card is registered to <punc type="query" />
</decl>
</turn>
<turn n="66" speaker="B">
<frag n="127" sp-act="refer" polarity="positive" mode="decl">
<anonym type="letter" /> <anonym type="letter" /> <anonym type="letter" /> <pause /> Management <punc type="stop" />
</frag>
</turn>
<turn n="67" speaker="A">
<q-yn n="128" sp-act="reqInfo" polarity="positive" topic="address" mode="closed-query">
have you got your postcode first of all <punc type="query" />
</q-yn>
</turn>
<turn n="68" speaker="B">
<dm n="129" sp-act="exclaim">
oh
</dm>
<frag n="130" sp-act="apologise" polarity="positive" mode="decl">
sorry <punc type="stop" />
</frag>
<frag n="131" sp-act="answer-refer" polarity="positive" mode="frag">
<anonym type="letter" /> <anonym type="letter" /> 14 <punc type="level" />
</frag>
</turn>
<turn n="69" speaker="A">
<frag n="132" sp-act="echo-refer" polarity="positive" mode="decl">
<anonym type="letter" /> <punc type="stop" />
</frag>
</turn>
<turn n="70" speaker="B">
<frag n="133" sp-act="refer" polarity="positive" mode="decl">
<anonym type="letter" /> <anonym type="letter" /> <anonym type="alpha" /> <anonym type="alpha" /> 14 <punc type="stop" />
</frag>
</turn>
<turn n="71" speaker="A">
<frag n="134" sp-act="echo-refer" polarity="positive" mode="decl">
14 <punc type="stop" />
</frag>
</turn>
<turn n="72" speaker="B">
<frag n="135" sp-act="refer" polarity="positive" topic="enum" mode="decl">
1 <anonym type="letter" /> <anonym type="letter" /> <punc type="stop" />
</frag>
</turn>
<turn n="73" speaker="A">
<dm n="136" sp-act="init">
<pause /> now <punct type="level" />
</dm>
<decl n="137" sp-act="reqInfo" polarity="positive" topic="name" mode="query">
the name of the business is <punc type="query" />
</decl>
</turn>
<turn n="74" speaker="B">
<frag n="138" sp-act="answer-refer" polarity="positive" mode="decl">
<anonym type="letter" /> <anonym type="letter" /> <anonym type="letter" /> <punc type="stop" />
</frag>
</turn>
<turn n="75" speaker="A">
<frag n="139" sp-act="reqConfirm" polarity="positive" mode="query">
<anonym type="letter" /> for <anonym type="alpha" /> <punc type="query" />
</frag>
</turn>
<turn n="76" speaker="B">
<yes n="140" sp-act="confirm-acknowledge">
yeah <punc type="stop" />
</yes>
<frag n="141" sp-act="elab-refer" polarity="positive" mode="decl">
<anonym type="letter" /> <punc type="stop" />
</frag>
</turn>
<turn n="77" speaker="A">
<frag n="142" sp-act="echo-refer" polarity="positive" mode="decl">
<anonym type="letter" /> for <anonym type="alpha" /> <anonym type="letter" /> for <anonym type="alpha" /> <punc type="stop" />
</frag>
</turn>
<turn n="78" speaker="B">
<yes n="143" sp-act="acknowledge">
yeah <punc type="stop" />
</yes>
</turn>
<turn n="79" speaker="A">
<dm n="144" sp-act="acknowledge">
aha <punc type="stop" />
</dm>
</turn>
<turn n="80" speaker="B">
<frag n="145" sp-act="refer" polarity="positive" mode="decl">
Management <punc type="stop" />
</frag>
</turn>
<turn n="81" speaker="A">
<frag n="146" sp-act="echo-refer" polarity="positive" mode="decl">
Management <punc type="stop" />
</frag>
</turn>
<turn n="82" speaker="B">
<frag n="147" sp-act="refer" polarity="positive" mode="decl">
<anonym type="letter" /> <anonym type="letter" /> <anonym type="letter" /> <punc type="stop" />
</frag>
</turn>
<turn n="83" speaker="A">
<frag n="148" sp-act="echo-refer" polarity="positive" mode="decl">
<anonym type="letter" /> <anonym type="letter" /> <anonym type="letter" /> <punc type="stop" />
</frag>
<decl n="149" sp-act="reqInfo" polarity="positive" mode="query">
<pause /> and the next line <punc type="query" />
</decl>
</turn>
<turn n="84" speaker="B">
<dm n="150" sp-act="hesitate">
erm
</dm>
<decl n="151" sp-act="state" polarity="positive" topic="address" mode="decl">
it's the address is the next bit <punc type="stop" />
</decl>
</turn>
<turn n="85" speaker="A">
<dm n="152" sp-act="acknowledge">
mhm <punc type="stop" />
</dm>
</turn>
<turn n="86" speaker="B">
<frag n="153" sp-act="answer-refer" polarity="positive" topic="enum" mode="frag">
14 to 15 <punc type="level" />
</frag>
<decl n="154" sp-act="state-abandon" polarity="positive" mode="abandon">
<pause /> and it's <punc type="incomplete" />
</decl>
<decl n="155" sp-act="stateIntent" polarity="positive" mode="intent-decl">
i'll spell it to you <punc type="stop" />
</decl>
<decl n="156" sp-act="state" polarity="positive" mode="frag">
it's <anonym type="letter" /> <anonym type="letter" /> <anonym type="letter" /> <anonym type="letter" /> <anonym type="letter" /> <anonym type="letter" /> <pause /> Retpot Close <punc type="level" />
</decl>
</turn>
<turn n="87" speaker="A">
<dm n="157" sp-act="acknowledge">
aha <punc type="stop" />
</dm>
</turn>
<turn n="88" speaker="B">
<frag n="158" sp-act="refer" polarity="positive" topic="location" mode="decl">
Basildon <punc type="stop" />
</frag>
</turn>
<turn n="89" speaker="A">
<frag n="159" sp-act="reqConfirm" polarity="positive" mode="query">
<pause /> Essex <punc type="query" />
</frag>
</turn>
<turn n="90" speaker="B">
<yes n="160" sp-act="confirm-acknowledge">
yeah <punc type="stop" />
</yes>
<dm n="161" sp-act="agree" mode="reassurance-tag">
that's right <punc type="stop" />
</dm>
</turn>
<turn n="91" speaker="A">
<q-wh n="162" sp-act="reqInfo" polarity="positive" topic="creditcard" mode="open-query">
and what type of credit card <punc type="query" />
</q-wh>
</turn>
<turn n="92" speaker="B">
<decl n="163" sp-act="answer-state" polarity="positive" topic="creditcard" mode="decl">
it's er a Visa <punc type="stop" />
</decl>
</turn>
<turn n="93" speaker="A">
<decl n="164" sp-act="reqInfo" polarity="positive" topic="number-creditcard" mode="query">
and the Visa number <punc type="query" />
</decl>
</turn>
<turn n="94" speaker="B">
<decl n="165" sp-act="answer-state" polarity="positive" topic="enum" mode="frag-disflu">
it it's 1 2 7 0 <punc type="level" />
</decl>
</turn>
<turn n="95" speaker="A">
<frag n="166" sp-act="echo-refer" polarity="positive" topic="enum" mode="frag">
1 2 7 0 <punc type="level" />
</frag>
</turn>
<turn n="96" speaker="B">
<frag n="167" sp-act="refer" polarity="positive" topic="enum" mode="frag">
1 7 7 0 <punc type="level" />
</frag>
</turn>
<turn n="97" speaker="A">
<frag n="168" sp-act="echo-refer" polarity="positive" topic="enum" mode="frag">
1 7 7 0 <punc type="level" />
</frag>
</turn>
<turn n="98" speaker="B">
<frag n="169" sp-act="refer" polarity="positive" topic="enum" mode="frag">
0 5 3 8 <punc type="level" />
</frag>
</turn>
<turn n="99" speaker="A">
<frag n="170" sp-act="echo-refer" polarity="positive" topic="enum" mode="frag">
0 5 3 8 <punc type="level" />
</frag>
</turn>
<turn n="100" speaker="B">
<frag n="171" sp-act="refer" polarity="positive" topic="enum" mode="decl">
7 1 7 1 <punc type="stop" />
</frag>
</turn>
<turn n="101" speaker="A">
<frag n="172" sp-act="echo-refer" polarity="positive" topic="enum" mode="decl">
7 1 7 1 <punc type="stop" />
</frag>
<frag n="173" sp-act="reqInfo" polarity="positive" topic="creditcard" mode="query">
and the expiry date <punc type="query" />
</frag>
</turn>
<turn n="102" speaker="B">
<dm n="174" sp-act="hesitate">
er
</dm>
<frag n="175" sp-act="answer-refer" polarity="positive" topic="enum" mode="decl">
5 99 <punc type="stop" />
</frag>
</turn>
<turn n="103" speaker="A">
<dm n="176" sp-act="init">
now <punct type="level" />
</dm>
<decl n="177" sp-act="predict" polarity="positive" topic="booking-fare-enum" mode="decl">
75 pounds will be debited <backchannel content="yeah" /> from that account <punc type="stop" />
</decl>
</turn>
<turn n="104" speaker="B">
<dm n="178" sp-act="acknowledge" mode="tag">
ok <punc type="stop" />
</dm>
</turn>
<turn n="105" speaker="A">
<decl n="179" sp-act="state" polarity="positive" topic="booking-number-journey" mode="decl">
and this is the reference number the tickets have been booked under <punc type="stop" />
</decl>
</turn>
<turn n="106" speaker="B">
<dm n="180" sp-act="acknowledge" mode="tag">
ok <punc type="stop" />
</dm>
</turn>
<turn n="107" speaker="A">
<decl n="181" sp-act="state" polarity="positive" topic="enum" mode="frag">
it's 1 7 1 <punc type="level" />
</decl>
</turn>
<turn n="108" speaker="B">
<frag n="182" sp-act="echo-refer" polarity="positive" topic="enum" mode="frag">
1 7 1 <punc type="level" />
</frag>
</turn>
<turn n="109" speaker="A">
<frag n="183" sp-act="refer" polarity="positive" mode="frag">
<anonym type="letter" /> for <anonym type="alpha" /> <anonym type="letter" /> for <anonym type="alpha" /> <punc type="level" />
</frag>
</turn>
<turn n="110" speaker="B">
<yes n="184" sp-act="acknowledge">
yeah <punc type="stop" />
</yes>
</turn>
<turn n="111" speaker="A">
<frag n="185" sp-act="refer" polarity="positive" topic="number" mode="frag">
the number 1 <punc type="level" />
</frag>
</turn>
<turn n="112" speaker="B">
<yes n="186" sp-act="acknowledge">
yeah <punc type="stop" />
</yes>
</turn>
<turn n="113" speaker="A">
<frag n="187" sp-act="refer" polarity="positive" mode="frag">
<anonym type="letter" /> for <anonym type="alpha" /> <punc type="level" />
</frag>
<frag n="188" sp-act="refer" polarity="positive" topic="number" mode="decl">
the number 2 <punc type="stop" />
</frag>
</turn>
<turn n="114" speaker="B">
<dm n="189" sp-act="acknowledge" mode="tag">
ok then <punc type="stop" />
</dm>
</turn>
<turn n="115" speaker="A">
<decl n="190" sp-act="predict" polarity="positive" topic="journey-time" mode="predict-decl">
and the ticket will be posted out in the first class post this afternoon <overlap type="start" /> <punc type="stop" />
</decl>
<dm n="191" sp-act="reqConfirm" mode="query">
ok now <punc type="query" />
</dm>
</turn>
<turn n="116" speaker="B">
<dm n="192" sp-act="exclaim">
oh
</dm>
<dm n="193" sp-act="acknowledge" polarity="positive" mode="tag-decl">
right <overlap type="end" /> <punc type="stop" />
</dm>
<dm n="194" sp-act="acknowledge" mode="tag">
ok <punc type="stop" />
</dm>
<decl n="195" sp-act="approve" polarity="positive" mode="decl">
that's lovely then <punc type="stop" />
</decl>
<frag n="196" sp-act="thank" polarity="positive" mode="thank-benefit-decl">
thank you very much for your help <punc type="stop" />
</frag>
</turn>
<turn n="117" speaker="A">
<frag n="197" sp-act="thank" mode="thank">
thank you for calling now <punc type="stop" />
</frag>
</turn>
<turn n="118" speaker="B">
<frag n="198" sp-act="bye" mode="farewell-closing">
bye <overlap type="start" /> bye then <punc type="stop" />
</frag>
</turn>
<turn n="119" speaker="A">
<frag n="199" sp-act="bye" mode="farewell-closing">
bye <overlap type="end" /> <punc type="stop" />
</frag>
</turn>
</dialogue>