<?xml version="1.0"?>
<dialogue corpus="trainline" lang="en" id="24">
<turn n="1" speaker="A">
<frag n="1" sp-act="greet" mode="greet-opening">
good afternoon <punc type="stop" />
</frag>
<frag n="2" sp-act="refer" polarity="positive" mode="frag">
Virgin Trainlines <punc type="level" />
</frag>
<frag n="3" sp-act="identifySelf" polarity="positive" mode="intro-partial-decl">
Sandra speaking <punc type="stop" />
</frag>
<q-wh n="4" sp-act="reqDirect" polarity="positive" topic="journey" mode="preference2-open-query">
for which journey do you wish to purchase a ticket <punc type="query" />
</q-wh>
</turn>
<turn n="2" speaker="B">
<dm n="5" sp-act="hesitate">
er
</dm>
<frag n="6" sp-act="direct-refer" polarity="positive" topic="to-location-journey-from" mode="decl">
a journey from Liverpool to Newcastle <punc type="stop" />
</frag>
<dm n="7" sp-act="hesitate">
er
</dm>
<frag n="8" sp-act="state" polarity="positive" topic="enum-day-location-time-departure" mode="decl">
leaving Liverpool at 12
</frag>
<frag n="9" sp-act="referOpt" polarity="positive" topic="enum-date-day-location-time-month" mode="alternative">
either the 12:17 or 12:22 on Saturday the 4th of Oct...
</frag>
<frag n="10" sp-act="correctSelf" polarity="positive" topic="day-date-month">
Saturday the 3rd of October <punc type="stop" />
</frag>
</turn>
<turn n="3" speaker="A">
<dm n="11" sp-act="init">
now <punct type="level" />
</dm>
<q-yn n="12" sp-act="reqInfo" polarity="positive" topic="creditcard" mode="alternative-closed-query">
do you hold a current debit or credit card <punc type="query" />
</q-yn>
</turn>
<turn n="4" speaker="B">
<decl n="13" sp-act="answer-state" polarity="positive" mode="decl">
i do <punc type="stop" />
</decl>
</turn>
<turn n="5" speaker="A">
<q-yn n="14" sp-act="reqInfo" polarity="positive" mode="closed-query">
and is it just for 1 <punc type="query" />
</q-yn>
</turn>
<turn n="6" speaker="B">
<yes n="15" sp-act="answer-accept" mode="request">
yes please <punc type="stop" />
</yes>
</turn>
<turn n="7" speaker="A">
<q-yn n="16" sp-act="reqInfo" polarity="positive" topic="railcard" mode="closed-query">
and do you have a railcard at all <punc type="query" />
</q-yn>
</turn>
<turn n="8" speaker="B">
<dm n="17" sp-act="hesitate">
er
</dm>
<decl n="18" sp-act="answer-state" polarity="negative" mode="report-decl">
i don't <punc type="stop" />
</decl>
<decl n="19" sp-act="elab-expressOpinion" polarity="positive" topic="fare" mode="report-opinion-constrain-decl">
<pause length="3s" /> it's a Super Saver return i think i need <punc type="stop" />
</decl>
</turn>
<turn n="9" speaker="A">
<dm n="20" sp-act="acknowledge">
<pause length="2s" /> right <punc type="stop" />
</dm>
<decl n="21" sp-act="stateIntent-hold" polarity="positive" topic="location-verify-from-enum-arrival" mode="intent-report-hold-decl">
i'm just going to check the 12:17 from Liverpool Lime Street arrives in Newcastle <punc type="stop" />
</decl>
</turn>
<turn n="10" speaker="B">
<decl n="22" sp-act="state" polarity="positive" topic="number" mode="decl">
that's the one <punc type="stop" />
</decl>
</turn>
<turn n="11" speaker="A">
<decl n="23" sp-act="reqConfirm" polarity="positive" topic="month-date-day" mode="query">
and that's Saturday the 3rd of October <punc type="query" />
</decl>
<frag n="24" sp-act="reqConfirm" polarity="positive" topic="day" mode="query">
this Saturday <punc type="query" />
</frag>
</turn>
<turn n="12" speaker="B">
<dm n="25" sp-act="confirm-state">
mhm <punc type="stop" />
</dm>
<dm n="26" sp-act="approve">
<pause /> great <punc type="stop" />
</dm>
</turn>
<turn n="13" speaker="A">
<dm n="27" sp-act="init">
<pause /> now <punct type="level" />
</dm>
<q-wh n="28" sp-act="reqInfo" polarity="positive" topic="time-return" mode="open-query">
when is it you're returning <punc type="query" />
</q-wh>
</turn>
<turn n="14" speaker="B">
<dm n="29" sp-act="hesitate">
er
</dm>
<frag n="30" sp-act="answer-refer" polarity="positive" topic="day" mode="decl">
Sunday <punc type="stop" />
</frag>
<dm n="31" sp-act="hesitate">
<pause /> erm
</dm>
<decl n="32" sp-act="expressOpinion" polarity="positive" topic="enum-departure" mode="opinion-frag">
i think it's the 17:20 leaves Newcastle <punc type="level" />
</decl>
<frag n="33" sp-act="state" polarity="positive" topic="location" mode="decl">
<pause /> gets back into Liverpool 20:56 <punc type="stop" />
</frag>
</turn>
<turn n="15" speaker="A">
<frag n="34" sp-act="reqConfirm" polarity="positive" topic="day" mode="query">
<pause length="8s" /> Su... Sunday the 4th <punc type="query" />
</frag>
</turn>
<turn n="16" speaker="B">
<dm n="35" sp-act="confirm-acknowledge">
mhm <punc type="stop" />
</dm>
</turn>
<turn n="17" speaker="A">
<frag n="36" sp-act="reqConfirm" polarity="positive" topic="time-from-enum-departure" mode="query">
<pause /> departing at 17:20 <pause length="3s" /> from Newcastle <punc type="query" />
</frag>
<frag n="37" sp-act="reqConfirm" polarity="positive" topic="location-time-enum-arrival" mode="query">
<pause /> arriving at 20:56 in Liverpool Lime Street <punc type="query" />
</frag>
</turn>
<turn n="18" speaker="B">
<decl n="38" sp-act="answer-state" polarity="positive" topic="number" mode="decl">
that's the one <punc type="stop" />
</decl>
<dm n="39" sp-act="approve">
<pause /> great <punc type="stop" />
</dm>
</turn>
<turn n="19" speaker="A">
<dm n="40" sp-act="init">
<pause length="9s" /> now <punct type="level" />
</dm>
<decl n="41" sp-act="state" polarity="positive" topic="fare-enum" mode="decl">
the cheapest fare is 41 pounds 40 return <punc type="stop" />
</decl>
<decl n="42" sp-act="state" polarity="positive" topic="fare" mode="decl">
and that's your Super Saver <punc type="stop" />
</decl>
</turn>
<turn n="20" speaker="B">
<dm n="43" sp-act="agree" mode="reassurance-tag">
that's right <punc type="stop" />
</dm>
</turn>
<turn n="21" speaker="A">
<dm n="44" sp-act="init">
now <punct type="level" />
</dm>
<frag n="45" sp-act="refer" polarity="positive" topic="journey" mode="partial-frag">
with this ticket <punc type="level" />
</frag>
<decl n="46" sp-act="stateCondition" polarity="positive" topic="miss" mode="intent-condition-frag">
if you miss any services that i'm going to reserve you on <punc type="level" />
</decl>
<decl n="47" sp-act="expressPossibility" polarity="positive" topic="availability" mode="poss2-decl">
you are able to get the next available train <punc type="stop" />
</decl>
</turn>
<turn n="22" speaker="B">
<dm n="48" sp-act="exclaim">
oh
</dm>
<decl n="49" sp-act="approve" polarity="positive" mode="decl">
that's good <punc type="stop" />
</decl>
<frag n="50" sp-act="uninterpretable" polarity="positive" mode="decl">
<unclear length="9 syllables" /> <punc type="stop" />
</frag>
</turn>
<turn n="23" speaker="A">
<decl n="51" sp-act="stateCondition" polarity="positive" topic="journey-cancel" mode="constrain-condition-frag">
if you have to cancel your ticket <punc type="level" />
</decl>
<decl n="52" sp-act="state" polarity="positive" topic="fare-refund-enum" mode="decl">
it's a full refund less 5 pounds <punc type="stop" />
</decl>
</turn>
<turn n="24" speaker="B">
<dm n="53" sp-act="acknowledge">
mhm <punc type="stop" />
</dm>
</turn>
<turn n="25" speaker="A">
<dm n="54" sp-act="init">
now <punct type="level" />
</dm>
<frag n="55" sp-act="direct-refer" polarity="positive" topic="name" mode="request-decl">
your surname please <punc type="stop" />
</frag>
</turn>
<turn n="26" speaker="B">
<frag n="56" sp-act="refer" polarity="positive" mode="decl">
<anonym type="name" /> <punc type="stop" />
</frag>
<frag n="57" sp-act="refer" polarity="positive" mode="decl">
<anonym type="letter" /> <anonym type="letter" /> <anonym type="letter" /> <anonym type="letter" /> <anonym type="letter" /> <anonym type="letter" /> <anonym type="letter" /> <anonym type="letter" /> <punc type="stop" />
</frag>
</turn>
<turn n="27" speaker="A">
<frag n="58" sp-act="reqInfo" polarity="positive" topic="name" mode="query">
<pause length="2s" /> and your initial <punc type="query" />
</frag>
</turn>
<turn n="28" speaker="B">
<frag n="59" sp-act="answer-refer" polarity="positive" mode="decl">
<anonym type="letter" /> for <anonym type="alpha" /> <punc type="stop" />
</frag>
</turn>
<turn n="29" speaker="A">
<dm n="60" sp-act="acknowledge" mode="tag">
<pause length="7s" /> ok <punc type="stop" />
</dm>
<dm n="61" sp-act="init">
<pause length="3s" /> now <punct type="level" />
</dm>
<q-yn n="62" sp-act="direct-reqInfo" polarity="positive" topic="telephone-number" mode="request-query">
could you give me a contact telephone number please <punc type="query" />
</q-yn>
</turn>
<turn n="30" speaker="B">
<dm n="63" sp-act="hesitate">
erm
</dm>
<decl n="64" sp-act="state-abandon" polarity="positive" mode="intent-opening-abandon-abandon">
i'll give you thi... <punc type="incomplete" />
</decl>
<decl n="65" sp-act="state" polarity="positive" topic="enum-number-time-day" mode="decl">
the one for day time is 9 9 1 <punc type="stop" />
</decl>
</turn>
<turn n="31" speaker="A">
<yes n="66" sp-act="acknowledge">
yeah
</yes>
<frag n="67" sp-act="refer" polarity="positive" topic="enum" mode="decl">
0 1 1 4 <punc type="stop" />
</frag>
</turn>
<turn n="32" speaker="B">
<frag n="68" sp-act="echo-refer" polarity="positive" topic="enum" mode="decl">
0 1 1 4 <punc type="stop" />
</frag>
<decl n="69" sp-act="stateCondition" polarity="positive" mode="constrain-condition-decl">
if you need it <punc type="stop" />
</decl>
<yes n="70" sp-act="acknowledge">
yeah <punc type="stop" />
</yes>
</turn>
<turn n="33" speaker="A">
<dm n="71" sp-act="acknowledge">
aha <punc type="stop" />
</dm>
<frag n="72" sp-act="echo-refer" polarity="positive" topic="enum" mode="decl">
9 9 1 <punc type="stop" />
</frag>
</turn>
<turn n="34" speaker="B">
<frag n="73" sp-act="refer" polarity="positive" topic="enum" mode="decl">
4 7 4 7 <punc type="stop" />
</frag>
<decl n="74" sp-act="state" polarity="positive" topic="enum" mode="decl">
<pause /> and it's extension 1 0 5 9 <punc type="stop" />
</decl>
</turn>
<turn n="35" speaker="A">
<frag n="75" sp-act="echo-refer" polarity="positive" topic="enum" mode="decl">
1 0 5 9 <punc type="stop" />
</frag>
</turn>
<turn n="36" speaker="B">
<dm n="76" sp-act="acknowledge">
mhm <punc type="stop" />
</dm>
<decl n="77" sp-act="offer" polarity="positive" topic="number" mode="preference2-poss1-condition-decl">
i can give you a home phone number as well if you want <punc type="stop" />
</decl>
</turn>
<turn n="37" speaker="A">
<yes n="78" sp-act="acknowledge">
<pause /> yeah <punc type="stop" />
</yes>
<frag n="79" sp-act="approve" polarity="positive" topic="number" mode="reassurance-decl">
that one will do fine <punc type="stop" />
</frag>
<address n="80" sp-act="refer">
Sir <punc type="stop" />
</address>
</turn>
<turn n="38" speaker="B">
<dm n="81" sp-act="acknowledge" mode="tag">
ok then <punc type="stop" />
</dm>
</turn>
<turn n="39" speaker="A">
<dm n="82" sp-act="init">
<pause length="3s" /> now <punct type="level" />
</dm>
<frag n="83" sp-act="reqInfo" polarity="positive" topic="creditcard-address" mode="query">
your postcode to where your credit card is registered to <punc type="query" />
</frag>
</turn>
<turn n="40" speaker="B">
<frag n="84" sp-act="answer-refer" polarity="positive" topic="enum" mode="decl">
<anonym type="letter" /> 5 8 <anonym type="letter" /> <anonym type="letter" /> <punc type="stop" />
</frag>
</turn>
<turn n="41" speaker="A">
<frag n="85" sp-act="echo-reqConfirm" polarity="positive" topic="enum" mode="query">
8 <anonym type="letter" /> for <anonym type="alpha" /> <anonym type="letter" /> for <anonym type="alpha" /> <punc type="query" />
</frag>
</turn>
<turn n="42" speaker="B">
<decl n="86" sp-act="answer-state" polarity="positive" topic="number" mode="decl">
that's the one <punc type="stop" />
</decl>
<yes n="87" sp-act="elab-acknowledge">
yeah <punc type="stop" />
</yes>
</turn>
<turn n="43" speaker="A">
<imp n="88" sp-act="direct" polarity="positive" topic="confirm-address" mode="request-decl">
<pause length="3s" /> and confirm the address for me please <punc type="stop" />
</imp>
</turn>
<turn n="44" speaker="B">
<frag n="89" sp-act="refer" polarity="positive" topic="number" mode="frag">
number 13 <punc type="level" />
</frag>
<frag n="90" sp-act="refer" polarity="positive" mode="frag">
<pause /> <anonym type="street" /> Lane <punc type="level" />
</frag>
<frag n="91" sp-act="refer" polarity="positive" mode="frag">
<pause /> Heswall <punc type="level" />
</frag>
<frag n="92" sp-act="refer" polarity="positive" mode="frag">
<anonym type="letter" /> <anonym type="letter" /> <anonym type="letter" /> <anonym type="letter" /> <anonym type="letter" /> double <anonym type="letter" /> <punc type="level" />
</frag>
<frag n="93" sp-act="refer" polarity="positive" mode="partial-decl">
<pause /> Wirral Merseyside <punc type="stop" />
</frag>
</turn>
<turn n="45" speaker="A">
<dm n="94" sp-act="init">
now <punct type="level" />
</dm>
<decl n="95" sp-act="stateIntent-hold" polarity="positive" mode="intent-hold-decl">
i'm just writing this down <punc type="stop" />
</decl>
</turn>
<turn n="46" speaker="B">
<dm n="96" sp-act="exclaim">
oh
</dm>
<frag n="97" sp-act="expressRegret" polarity="positive" mode="decl">
sad <punc type="stop" />
</frag>
<decl n="98" sp-act="expressOpinion-abandon" polarity="positive" mode="opinion-report-abandon">
i thought thought you'd <punc type="incomplete" />
</decl>
<decl n="99" sp-act="expressOpinion" polarity="positive" topic="confirm-location-time" mode="report-opinion-decl">
<pause /> when you said confirm it i thought it'd come up on your screen there <punc type="stop" />
</decl>
</turn>
<turn n="47" speaker="A">
<decl n="100" sp-act="approve" polarity="positive" mode="reassurance-tag-decl">
it's ok <punc type="stop" />
</decl>
<address n="101" sp-act="refer">
Sir <punc type="stop" />
</address>
<dm n="102" sp-act="init">
<pause /> now <punct type="level" />
</dm>
<q-yn n="103" sp-act="reqDirect" polarity="positive" topic="seat" mode="alternative-preference2-closed-query">
would you like smoking or non-smoking <punc type="query" />
</q-yn>
</turn>
<turn n="48" speaker="B">
<frag n="104" sp-act="direct-refer" polarity="positive" topic="seat" mode="request-decl">
smoking please <punc type="stop" />
</frag>
</turn>
<turn n="49" speaker="A">
<dm n="105" sp-act="init">
<pause /> now <punct type="level" />
</dm>
<decl n="106" sp-act="state" polarity="positive" topic="to-location-journey-from-day">
you're travelling from Liverpool Lime Street to Newcastle on Sunday <punct type="level" />
</decl>
<dm n="107" sp-act="apologise" mode="regret">
sorry <punct type="stop" />
</dm>
<frag n="108" sp-act="refer" polarity="positive" topic="month-date-day" mode="frag">
Saturday the <pause /> 3rd of October <punc type="level" />
</frag>
<frag n="109" sp-act="state" polarity="positive" topic="time-departure" mode="frag">
<pause /> departing at 12:17 <punc type="level" />
</frag>
<decl n="110" sp-act="state" polarity="positive" topic="seat-enum" mode="decl">
<pause /> and it's for 1 person smoking <punc type="stop" />
</decl>
<dm n="111" sp-act="init">
<pause length="11s" /> now <punct type="level" />
</dm>
<frag n="112" sp-act="predict" polarity="positive" mode="closed">
be coach <anonym type="letter" /> for <anonym type="alpha" /> <punct type="level" />
</frag>
<frag n="113" sp-act="refer" polarity="positive" topic="number" mode="partial-decl">
seat number 34 <punc type="stop" />
</frag>
<dm n="114" sp-act="init">
<pause /> now <punct type="level" />
</dm>
<decl n="115" sp-act="state" polarity="positive" topic="booking-seat" mode="constrain-decl">
it's actually booking me in non-smoking <punc type="stop" />
</decl>
<decl n="116" sp-act="expressPossibility" polarity="positive" topic="availability" mode="poss1-decl">
<pause /> that's the best available that i can get <punc type="stop" />
</decl>
</turn>
<turn n="50" speaker="B">
<decl n="117" sp-act="approve" polarity="positive" mode="reassurance-disflu">
that that's fine
</decl>
<decl n="118" sp-act="agree" polarity="negative" topic="problem" mode="agree-decl">
that's <overlap type="start" /> no problem at all <unclear length="1_syllable" /> <punc type="stop" />
</decl>
</turn>
<turn n="51" speaker="A">
<dm n="119" sp-act="init">
now <punct type="level" />
</dm>
<decl n="120" sp-act="state" polarity="positive" topic="time-enum-day" mode="decl">
the train departs at <overlap type="end" /> 12:22 <backchannel content="mm" /> <pause /> on <pause /> Saturday <punc type="stop" />
</decl>
</turn>
<turn n="52" speaker="B">
<dm n="121" sp-act="acknowledge">
right <punc type="stop" />
</dm>
<dm n="122" sp-act="acknowledge" mode="tag">
<pause /> ok then <punc type="stop" />
</dm>
</turn>
<turn n="53" speaker="A">
<frag n="123" sp-act="state" polarity="positive" topic="to-location-month-from-date-day-return" mode="decl">
returning from Newcastle to Liverpool Lime Street on Saturday the 4th of October <punc type="stop" />
</frag>
<frag n="124" sp-act="state" polarity="positive" topic="time-departure" mode="decl">
<pause /> departing at 17:20 <punc type="stop" />
</frag>
</turn>
<turn n="54" speaker="B">
<dm n="125" sp-act="acknowledge">
mhm <punc type="stop" />
</dm>
<q-yn n="126" sp-act="reqOpt-abandon" polarity="positive" mode="poss1-closed-abandon">
can i can mhm <punc type="incomplete" />
</q-yn>
<decl n="127" sp-act="reqInfo" polarity="positive" topic="day" mode="report-query">
you just said Saturday the 4th <punc type="query" />
</decl>
</turn>
<turn n="55" speaker="A">
<dm n="128" sp-act="apologise" mode="regret">
sorry <punc type="stop" />
</dm>
<frag n="129" sp-act="correctSelf" polarity="positive" topic="day" mode="decl">
<overlap type="start" /> Sunday the 4th <punc type="stop" />
</frag>
<yes n="130" sp-act="acknowledge">
yes <punc type="stop" />
</yes>
</turn>
<turn n="56" speaker="B">
<frag n="131" sp-act="state" polarity="positive" topic="day" mode="decl">
Sunday the 4th <punc type="stop" />
</frag>
<decl n="132" sp-act="approve" polarity="positive" mode="reassurance-decl">
that's fine <punc type="stop" />
</decl>
<frag n="133" sp-act="thank" mode="thank">
<overlap type="end" /> thanks <punc type="stop" />
</frag>
</turn>
<turn n="57" speaker="A">
<decl n="134" sp-act="state" polarity="positive" mode="frag">
<pause length="7s" /> and it's coach <anonym type="letter" /> for <anonym type="alpha" /> <punc type="level" />
</decl>
<frag n="135" sp-act="refer" polarity="positive" topic="number" mode="partial-decl">
seat number 34 <punc type="stop" />
</frag>
<decl n="136" sp-act="state" polarity="positive" topic="number-seat" mode="decl">
and once again it's non-smoking <punc type="stop" />
</decl>
<decl n="137" sp-act="expressOpinion" polarity="positive" topic="availability-seat" mode="constrain-decl">
<pause /> so it must be only non-smoking trains <pause /> that are available <punc type="stop" />
</decl>
</turn>
<turn n="58" speaker="B">
<dm n="138" sp-act="agree" mode="reassurance">
that's ok <punc type="stop" />
</dm>
<decl n="139" sp-act="expressPossibility" polarity="positive" mode="poss1-decl-disflu">
<pause /> i can i can manage that <punc type="stop" />
</decl>
</turn>
<turn n="59" speaker="A">
<dm n="140" sp-act="init">
now <punct type="level" />
</dm>
<decl n="141" sp-act="stateIntent" polarity="positive" topic="booking-location-verify" mode="report-intent-hold-decl">
i'm just going to go over to double check what i've booked there with you <punc type="stop" />
</decl>
<dm n="142" sp-act="init">
<pause /> now <punct type="level" />
</dm>
<decl n="143" sp-act="state" polarity="positive" topic="to-location-month-date" mode="decl">
it's Liverpool to Newcastle on the 3rd of October <punc type="stop" />
</decl>
<decl n="144" sp-act="state" polarity="positive" topic="day" mode="decl">
that's Saturday <punc type="stop" />
</decl>
<frag n="145" sp-act="refer" polarity="positive" topic="departure" mode="partial-frag">
departing 12:22 <punc type="level" />
</frag>
<frag n="146" sp-act="state" polarity="positive" topic="to-location-time-month-from-date-day-return" mode="partial-decl">
returning Sunday the 4th of October from Newcastle to Liver... Liverpool Lime Street at 17:20 <punc type="stop" />
</frag>
</turn>
<turn n="60" speaker="B">
<decl n="147" sp-act="approve" polarity="positive" mode="reassurance-decl">
that's fine <punc type="stop" />
</decl>
<yes n="148" sp-act="acknowledge">
yes <punc type="stop" />
</yes>
</turn>
<turn n="61" speaker="A">
<dm n="149" sp-act="init">
now <punct type="level" />
</dm>
<decl n="150" sp-act="state" polarity="positive" topic="fare-enum" mode="decl">
41 pounds 40 <pause /> is the total fare <backchannel content="mm" /> <punc type="stop" />
</decl>
<q-wh n="151" sp-act="reqInfo" polarity="positive" topic="creditcard" mode="open-query">
and what type of credit card is that you hold <punc type="query" />
</q-wh>
</turn>
<turn n="62" speaker="B">
<decl n="152" sp-act="answer-state" polarity="positive" topic="creditcard" mode="decl">
it's Barclays Connect Visa card <punc type="stop" />
</decl>
<decl n="153" sp-act="elab-state" polarity="positive" topic="number" mode="decl">
<pause /> which whichever one <punc type="stop" />
</decl>
<decl n="154" sp-act="state" polarity="positive" mode="decl">
it's a Barclays Connect <punc type="stop" />
</decl>
<decl n="155" sp-act="state" polarity="positive" topic="creditcard" mode="decl">
it's got Visa on it <punc type="stop" />
</decl>
</turn>
<turn n="63" speaker="A">
<decl n="156" sp-act="approve" polarity="positive" mode="reassurance-decl">
that's fine <punc type="stop" />
</decl>
<dm n="157" sp-act="init">
now <punct type="level" />
</dm>
<decl n="158" sp-act="direct-refer" polarity="positive" topic="number" mode="request-decl">
the number please <punc type="stop" />
</decl>
</turn>
<turn n="64" speaker="B">
<decl n="159" sp-act="state" polarity="positive" topic="enum" mode="frag">
it is 1 8 <punc type="level" />
</decl>
</turn>
<turn n="65" speaker="A">
<frag n="160" sp-act="echo-refer" polarity="positive" topic="enum" mode="frag">
1 8 <punc type="level" />
</frag>
</turn>
<turn n="66" speaker="B">
<frag n="161" sp-act="refer" polarity="positive" topic="enum" mode="frag">
8 3 <punc type="level" />
</frag>
</turn>
<turn n="67" speaker="A">
<frag n="162" sp-act="echo-refer" polarity="positive" topic="enum" mode="frag">
8 3 <punc type="level" />
</frag>
</turn>
<turn n="68" speaker="B">
<frag n="163" sp-act="refer" polarity="positive" topic="enum" mode="frag">
7 3 <punc type="level" />
</frag>
</turn>
<turn n="69" speaker="A">
<frag n="164" sp-act="echo-refer" polarity="positive" topic="enum" mode="frag">
7 3 <punc type="level" />
</frag>
</turn>
<turn n="70" speaker="B">
<frag n="165" sp-act="refer" polarity="positive" mode="frag">
double 5 <punc type="level" />
</frag>
</turn>
<turn n="71" speaker="A">
<frag n="166" sp-act="echo-refer" polarity="positive" mode="frag">
double 5 <punc type="level" />
</frag>
</turn>
<turn n="72" speaker="B">
<frag n="167" sp-act="refer" polarity="positive" topic="enum" mode="frag">
4 9 <punc type="level" />
</frag>
</turn>
<turn n="73" speaker="A">
<frag n="168" sp-act="echo-refer" polarity="positive" topic="enum" mode="frag">
4 9 <punc type="level" />
</frag>
</turn>
<turn n="74" speaker="B">
<frag n="169" sp-act="refer" polarity="positive" topic="enum" mode="frag">
4 1 <punc type="level" />
</frag>
</turn>
<turn n="75" speaker="A">
<frag n="170" sp-act="echo-refer" polarity="positive" topic="enum" mode="frag">
4 1 <punc type="level" />
</frag>
</turn>
<turn n="76" speaker="B">
<frag n="171" sp-act="refer" polarity="positive" mode="frag">
double 3 <punc type="level" />
</frag>
</turn>
<turn n="77" speaker="A">
<frag n="172" sp-act="echo-refer" polarity="positive" mode="frag">
double 3 <punc type="level" />
</frag>
</turn>
<turn n="78" speaker="B">
<frag n="173" sp-act="refer" polarity="positive" topic="enum" mode="decl">
0 5 <punc type="stop" />
</frag>
</turn>
<turn n="79" speaker="A">
<frag n="174" sp-act="echo-refer" polarity="positive" topic="enum" mode="decl">
0 5 <backchannel content="mhm" /> <punc type="stop" />
</frag>
<frag n="175" sp-act="reqInfo" polarity="positive" topic="creditcard" mode="query">
and the expiry date <punc type="query" />
</frag>
</turn>
<turn n="80" speaker="B">
<frag n="176" sp-act="answer-state" polarity="positive" topic="enum" mode="decl">
is 12 99 <punc type="stop" />
</frag>
</turn>
<turn n="81" speaker="A">
<frag n="177" sp-act="echo-refer" polarity="positive" topic="enum" mode="decl">
12 99 <punc type="stop" />
</frag>
<dm n="178" sp-act="init">
<pause /> now <punct type="level" />
</dm>
<decl n="179" sp-act="direct-state" polarity="positive" topic="creditcard" mode="constrain-decl">
you need to take your credit card with you <punc type="stop" />
</decl>
</turn>
<turn n="82" speaker="B">
<dm n="180" sp-act="acknowledge">
mhm <punc type="stop" />
</dm>
</turn>
<turn n="83" speaker="A">
<decl n="181" sp-act="direct-state" polarity="positive" topic="time-journey-enum-departure" mode="frag">
you collect your tickets 45 minutes before departure time <pause /> at the booking office in Liverpool Lime Street <punc type="stop" />
</decl>
<decl n="182" sp-act="direct-state" polarity="positive" topic="booking-number-creditcard" mode="constrain-decl">
<pause /> and you need to take your credit card and quote this reference number <punc type="stop" />
</decl>
<dm n="183" sp-act="init">
<pause /> now <punct type="level" />
</dm>
<q-yn n="184" sp-act="reqInfo" polarity="positive" mode="closed-query">
do you have your pen ready <punc type="query" />
</q-yn>
</turn>
<turn n="84" speaker="B">
<yes n="185" sp-act="answer-acknowledge">
yes <punc type="stop" />
</yes>
<decl n="186" sp-act="elab-state" polarity="positive" mode="decl">
i do <punc type="stop" />
</decl>
</turn>
<turn n="85" speaker="A">
<frag n="187" sp-act="refer" polarity="positive" topic="enum" mode="frag">
5 7 7 4 <punc type="level" />
</frag>
</turn>
<turn n="86" speaker="B">
<frag n="188" sp-act="echo-refer" polarity="positive" topic="enum" mode="frag">
5 7 7 4 <punc type="level" />
</frag>
</turn>
<turn n="87" speaker="A">
<frag n="189" sp-act="refer" polarity="positive" topic="enum" mode="frag">
4 4 8 5 <punc type="level" />
</frag>
</turn>
<turn n="88" speaker="B">
<frag n="190" sp-act="echo-refer" polarity="positive" topic="enum" mode="frag">
4 4 8 5 <punc type="level" />
</frag>
</turn>
<turn n="89" speaker="A">
<frag n="191" sp-act="refer" polarity="positive" mode="correct-decl">
stroke <anonym type="letter" /> as in <anonym type="alpha" /> <punc type="stop" />
</frag>
</turn>
<turn n="90" speaker="B">
<frag n="192" sp-act="echo-refer" polarity="positive" mode="decl">
stroke <anonym type="letter" /> <punc type="stop" />
</frag>
<frag n="193" sp-act="refer" polarity="positive" topic="enum" mode="frag">
<pause /> 5  7 7 4 <punc type="level" />
</frag>
<frag n="194" sp-act="refer" polarity="positive" topic="enum" mode="frag">
<pause /> 4 4 8 5 <punc type="level" />
</frag>
<frag n="195" sp-act="refer" polarity="positive" mode="decl">
stroke <anonym type="letter" /> <punc type="stop" />
</frag>
</turn>
<turn n="91" speaker="A">
<frag n="196" sp-act="reqConfirm" polarity="positive" mode="tag-query">
ok <punc type="query" />
</frag>
<address n="197" sp-act="refer" polarity="positive" mode="decl">
Mr <anonym type="name" /> <punc type="stop" />
</address>
</turn>
<turn n="92" speaker="B">
<dm n="198" sp-act="confirm-acknowledge" mode="tag">
ok then <punc type="stop" />
</dm>
</turn>
<turn n="93" speaker="A">
<dm n="199" sp-act="init">
so <punc type="stop" />
</dm>
<frag n="200" sp-act="thank" mode="thank-intro">
thank you for calling <overlap type="start" /> then <punc type="stop" />
</frag>
</turn>
<turn n="94" speaker="B">
<decl n="201" sp-act="approve" polarity="positive" mode="decl">
that's great <punc type="stop" />
</decl>
<frag n="202" sp-act="thank" polarity="positive" mode="thank-decl">
<overlap type="end" /> thank you <punc type="stop" />
</frag>
</turn>
<turn n="95" speaker="A">
<frag n="203" sp-act="bye" mode="farewell-closing">
bye <punc type="stop" />
</frag>
</turn>
<turn n="96" speaker="B">
<frag n="204" sp-act="uninterpretable">
<unclear length="9 syllables" />
</frag>
<frag n="205" sp-act="echo-bye" mode="farewell-closing">
bye now <punc type="stop" />
</frag>
</turn>
</dialogue>