<?xml version="1.0"?>
<dialogue corpus="trainline" lang="en" id="27">
<turn n="1" speaker="A">
<frag n="1" sp-act="greet" mode="greet-opening">
good afternoon <punc type="stop" />
</frag>
<frag n="2" sp-act="refer" polarity="positive" mode="frag">
Virgin Trainlines <punc type="level" />
</frag>
<frag n="3" sp-act="identifySelf" polarity="positive" mode="intro-partial-decl">
Sandra speaking <punc type="stop" />
</frag>
<q-wh n="4" sp-act="reqDirect" polarity="positive" topic="journey" mode="preference2-open-query">
for which journey do you wish to purchase a ticket <punc type="query" />
</q-wh>
</turn>
<turn n="2" speaker="B">
<decl n="5" sp-act="direct-expressWish" polarity="positive" topic="to-number-location-journey-from" mode="intent-preference1-decl">
i want er two tickets to er from er Leicester to Newton Abbot <punc type="stop" />
</decl>
</turn>
<turn n="3" speaker="A">
<frag n="6" sp-act="echo-refer" polarity="positive" topic="to-location-from" mode="partial-decl">
from Leicester to Newton Abbot <punc type="stop" />
</frag>
<dm n="7" sp-act="init">
<pause /> now <punct type="level" />
</dm>
<q-yn n="8" sp-act="reqInfo" polarity="positive" topic="creditcard" mode="closed-query">
is it yourself that is the credit card holder <punc type="query" />
</q-yn>
</turn>
<turn n="4" speaker="B">
<yes n="9" sp-act="answer-acknowledge">
yes <punc type="stop" />
</yes>
<decl n="10" sp-act="elab-state" polarity="positive" mode="decl">
it is <punc type="stop" />
</decl>
</turn>
<turn n="5" speaker="A">
<q-wh n="11" sp-act="reqInfo" polarity="positive" topic="journey-date" mode="open-query">
and what date is it you're travelling <punc type="query" />
</q-wh>
</turn>
<turn n="6" speaker="B">
<decl n="12" sp-act="answer-stateIntent" polarity="positive" topic="journey-day" mode="intent-preference1-decl">
i want to travel on Tuesday the 6th <punc type="stop" />
</decl>
</turn>
<turn n="7" speaker="A">
<frag n="13" sp-act="reqConfirm" polarity="positive" topic="month" mode="partial-query">
of October <punc type="query" />
</frag>
</turn>
<turn n="8" speaker="B">
<yes n="14" sp-act="confirm-acknowledge">
yes <punc type="stop" />
</yes>
</turn>
<turn n="9" speaker="A">
<dm n="15" sp-act="init">
now <punct type="level" />
</dm>
<q-yn n="16" sp-act="reqInfo" polarity="positive" topic="journey-railcard" mode="closed-query">
<pause /> does anyone have a railcard who's travelling <punc type="query" />
</q-yn>
</turn>
<turn n="10" speaker="B">
<dm n="17" sp-act="hesitate">
er
</dm>
<no n="18" sp-act="answer-negate">
no <punc type="stop" />
</no>
</turn>
<turn n="11" speaker="A">
<no n="19" sp-act="echo-negate">
no <punc type="stop" />
</no>
<q-wh n="20" sp-act="reqDirect" polarity="positive" topic="time-from" mode="preference2-open-decl">
and what time would you like to depart from <overlap type="start" /> Leicester <punc type="stop" />
</q-wh>
</turn>
<turn n="12" speaker="B">
<dm n="21" sp-act="init">
well <punct type="level" />
</dm>
<dm n="22" sp-act="hesitate">
<overlap type="end" /> er
</dm>
<decl n="23" sp-act="direct-state" polarity="positive" topic="enum" mode="decl-disflu">
it's it's about em em well erm 6 <punc type="stop" />
</decl>
<frag n="24" sp-act="refer" polarity="positive" topic="time">
6:18
</frag>
</turn>
<turn n="13" speaker="A">
<frag n="25" sp-act="echo-refer" polarity="positive" mode="decl">
6:18 <punc type="stop" />
</frag>
</turn>
<turn n="14" speaker="B">
<yes n="26" sp-act="acknowledge">
yeah <punc type="stop" />
</yes>
<decl n="27" sp-act="state" polarity="positive" topic="time-to-location" mode="decl-disflu">
and erm <pause /> it gets in at erm <pause /> to Birmingham at 10:15 <punc type="stop" />
</decl>
</turn>
<turn n="15" speaker="A">
<q-yn n="28" sp-act="reqInfo" polarity="positive" topic="location-time" mode="closed-query">
is that changing at Birmingham <backchannel content="yes" /> <punc type="query" />
</q-yn>
<decl n="29" sp-act="reqConfirm" polarity="positive" topic="location-time-from-enum" mode="frag">
and it's the 11 o'clock train from Birmingham <punc type="level" />
</decl>
<frag n="30" sp-act="reqConfirm" polarity="positive" topic="location-arrival" mode="query">
arriving in Newton Abbot for 14:02 <punc type="query" />
</frag>
</turn>
<turn n="16" speaker="B">
<decl n="31" sp-act="confirm-state" polarity="positive" mode="decl">
that's it <punc type="stop" />
</decl>
<yes n="32" sp-act="elab">
yes <punc type="stop" />
</yes>
</turn>
<turn n="17" speaker="A">
<q-wh n="33" sp-act="reqInfo" polarity="positive" topic="time-return" mode="open-query">
and when is it you're returning <punc type="query" />
</q-wh>
</turn>
<turn n="18" speaker="B">
<frag n="34" sp-act="answer-refer" polarity="positive" topic="day" mode="partial-frag">
and then on the Thursday <punc type="level" />
</frag>
<decl n="35" sp-act="elab-expressOpinion" polarity="positive" mode="opinion-decl">
i think it's the 8th <punc type="stop" />
</decl>
</turn>
<turn n="19" speaker="A">
<frag n="36" sp-act="reqInfo" polarity="positive" topic="time-departure" mode="query-open-query">
departing at what time <punc type="query" />
</frag>
</turn>
<turn n="20" speaker="B">
<dm n="37" sp-act="hesitate">
erm er
</dm>
<frag n="38" sp-act="answer-refer" polarity="positive" mode="decl">
12:21 <punc type="stop" />
</frag>
</turn>
<turn n="21" speaker="A">
<frag n="39" sp-act="reqConfirm" polarity="positive" topic="location-from" mode="partial-query">
<pause length="2s" /> from Newton Abbot <punc type="query" />
</frag>
</turn>
<turn n="22" speaker="B">
<yes n="40" sp-act="confirm-acknowledge">
yes <punc type="stop" />
</yes>
</turn>
<turn n="23" speaker="A">
<dm n="41" sp-act="init">
<pause /> now <punct type="level" />
</dm>
<decl n="42" sp-act="state" polarity="positive" topic="location-arrival" mode="frag">
that's arriving in Birmingham New Street for 15:42 <punc type="level" />
</decl>
<frag n="43" sp-act="state" polarity="positive" topic="time-location-enum-departure-arrival" mode="decl">
then departing there at 16:06 to arrive in Leicester at 17:01 <punc type="stop" />
</frag>
</turn>
<turn n="24" speaker="B">
<yes n="44" sp-act="acknowledge">
yes <punc type="stop" />
</yes>
</turn>
<turn n="25" speaker="A">
<dm n="45" sp-act="init">
now <punct type="level" />
</dm>
<decl n="46" sp-act="hold" polarity="positive" mode="hold-condition-frag">
if you just bear with me <punc type="level" />
</decl>
<decl n="47" sp-act="stateIntent-hold" polarity="positive" topic="fare-availability-verify" mode="intent-report-hold-decl">
i'm just going to check to see what's the cheapest fare available to you <punc type="stop" />
</decl>
</turn>
<turn n="26" speaker="B">
<frag n="48" sp-act="thank" polarity="positive" mode="thank-decl">
thank you <punc type="stop" />
</frag>
</turn>
<turn n="27" speaker="A">
<dm n="49" sp-act="init">
<pause length="8s" /> now <punct type="level" />
</dm>
<decl n="50" sp-act="hold" polarity="positive" topic="fare-enum-verify" mode="decl">
i'm checking for the Super Advance Return at 41 pounds 50 each <punc type="stop" />
</decl>
<dm n="51" sp-act="init">
so <punc type="level" />
</dm>
<decl n="52" sp-act="hold" polarity="positive" topic="availability-location-verify" mode="decl">
i'm checking availability there <punc type="stop" />
</decl>
<dm n="53" sp-act="init">
<pause length="7s" /> now <punct type="level" />
</dm>
<decl n="54" sp-act="refer" polarity="positive" mode="frag">
the 9:18 <punc type="level" />
</decl>
<frag n="55" sp-act="state" polarity="positive" topic="location-time" mode="frag">
changing at Birmingham New Street <punc type="level" />
</frag>
<frag n="56" sp-act="state" polarity="positive" topic="location-arrival" mode="decl">
arriving in Newton Abbot is ok <punc type="stop" />
</frag>
<dm n="57" sp-act="init">
so <punc type="level" />
</dm>
<decl n="58" sp-act="hold" polarity="positive" topic="fare-verify-day" mode="hold-decl">
i'm just checking for the Thursday on the return <backchannel content="thank you" /> <punc type="stop" />
</decl>
<decl n="59" sp-act="refer" polarity="positive" mode="decl">
the 12:21 <punc type="stop" />
</decl>
<dm n="60" sp-act="init">
<pause length="4s" /> now <punct type="level" />
</dm>
<decl n="61" sp-act="state" polarity="positive" topic="availability" mode="decl">
that's available as well <punc type="stop" />
</decl>
</turn>
<turn n="28" speaker="B">
<dm n="62" sp-act="acknowledge">
right <punc type="stop" />
</dm>
</turn>
<turn n="29" speaker="A">
<q-yn n="63" sp-act="reqDirect" polarity="positive" topic="seat" mode="alternative-preference2-closed-query">
would you like smoking or non-smoking <punc type="query" />
</q-yn>
</turn>
<turn n="30" speaker="B">
<frag n="64" sp-act="direct-refer" polarity="positive" topic="seat" mode="request-decl">
non-smoking please <punc type="stop" />
</frag>
</turn>
<turn n="31" speaker="A">
<frag n="65" sp-act="reqInfo" polarity="positive" topic="booking-location-seat" mode="exists-query">
<pause /> and is there any seat preference <punc type="query" />
</frag>
</turn>
<turn n="32" speaker="B">
<dm n="66" sp-act="hesitate">
<pause /> erm <pause /> 
</dm>
<dm n="67" sp-act="init">
we... well <punct type="level" />
</dm>
<frag n="68" sp-act="answer-state" polarity="negative" mode="decl">
not really <punc type="stop" />
</frag>
<frag n="69" sp-act="referCondition-abandon" polarity="positive" mode="condition-abandon">
as long as i... <punc type="incomplete" />
</frag>
<decl n="70" sp-act="expressWish-abandon" polarity="positive" mode="abandon">
i fancy sort of <punc type="incomplete" />
</decl>
<dm n="71" sp-act="exclaim">
oh
</dm>
<dm n="72" sp-act="expressAwareness" polarity="positive" mode="awareness-frag">
i <pause /> see <punc type="level" />
</dm>
<frag n="73" sp-act="state" polarity="positive" topic="problem-journey" mode="report-decl">
the trouble is i've just had a ticket <backchannel content="aha" /> <punc type="stop" />
</frag>
<decl n="74" sp-act="state" polarity="positive" mode="report-decl">
and and she said she was going to put me on a table <punc type="stop" />
</decl>
<frag n="75" sp-act="refer-abandon" polarity="positive" mode="constrain-abandon">
but the er <punc type="incomplete" />
</frag>
<decl n="76" sp-act="state" polarity="positive" topic="time" mode="frag">
when i've had just received them <punc type="level" />
</decl>
<decl n="77" sp-act="state" polarity="positive" topic="date" mode="decl">
they're the wrong <pause /> erm wrong date <punc type="stop" />
</decl>
<decl n="78" sp-act="state" polarity="positive" mode="constrain-frag">
so i've got to send these back <backchannel content="right" /> <punc type="level" />
</decl>
<decl n="79" sp-act="state" polarity="positive" mode="decl">
and i'm re... reordering now <punc type="stop" />
</decl>
<decl n="80" sp-act="refer" polarity="positive" topic="date" mode="decl">
the right date <punc type="stop" />
</decl>
</turn>
<turn n="33" speaker="A">
<dm n="81" sp-act="acknowledge" mode="tag">
ok <punc type="stop" />
</dm>
<dm n="82" sp-act="init">
<backchannel content="7_syllables" /> now <punct type="level" />
</dm>
<frag n="83" sp-act="direct-state" polarity="positive" topic="journey" mode="decl">
you send those tickets back <backchannel content="yes" /> to our customer services department <punc type="stop" />
</frag>
</turn>
<turn n="34" speaker="B">
<yes n="84" sp-act="acknowledge">
yes <punc type="stop" />
</yes>
</turn>
<turn n="35" speaker="A">
<dm n="85" sp-act="init">
so
</dm>
<q-yn n="86" sp-act="reqInfo" polarity="positive" mode="closed-query">
is it was a table you'd prefer <punc type="query" />
</q-yn>
</turn>
<turn n="36" speaker="B">
<dm n="87" sp-act="init">
well <punct type="level" />
</dm>
<yes n="88" sp-act="answer-acknowledge">
yes <punc type="stop" />
</yes>
<decl n="89" sp-act="elab-expressOpinion" polarity="positive" mode="opinion-decl">
i think so <punc type="stop" />
</decl>
</turn>
<turn n="37" speaker="A">
<dm n="90" sp-act="init">
so <punc type="level" />
</dm>
<decl n="91" sp-act="state" polarity="positive" topic="month-date" mode="frag">
it's the 6th of October <punc type="level" />
</decl>
<decl n="92" sp-act="reqConfirm" polarity="positive" topic="time-journey-from-enum" mode="query">
you're travelling from Leicester at 9:18 in the morning <punc type="query" />
</decl>
</turn>
<turn n="38" speaker="B">
<yes n="93" sp-act="confirm-acknowledge">
yes <punc type="stop" />
</yes>
</turn>
<turn n="39" speaker="A">
<decl n="94" sp-act="state" polarity="positive" topic="location-time-arrival" mode="frag">
you arrive in Birmingham New Street at 10:15 <punc type="level" />
</decl>
</turn>
<turn n="40" speaker="B">
<yes n="95" sp-act="acknowledge">
yes <punc type="stop" />
</yes>
</turn>
<turn n="41" speaker="A">
<decl n="96" sp-act="state" polarity="positive" topic="location-time-enum-arrival" mode="frag">
you depart Birmingham New Street 11 a m <pause /> to arrive in Newton Abbot at 14:02 <punc type="level" />
</decl>
</turn>
<turn n="42" speaker="B">
<dm n="97" sp-act="approve">
lovely <punc type="stop" />
</dm>
</turn>
<turn n="43" speaker="A">
<decl n="98" sp-act="state" polarity="positive" topic="month-date" mode="decl">
it's the 8th of October <punc type="stop" />
</decl>
<decl n="99" sp-act="state" polarity="positive" topic="location-journey-time-from-enum" mode="frag">
you'll be travelling at 12:21 from Newton Abbot <punc type="level" />
</decl>
</turn>
<turn n="44" speaker="B">
<yes n="100" sp-act="acknowledge">
yes <punc type="stop" />
</yes>
</turn>
<turn n="45" speaker="A">
<decl n="101" sp-act="state" polarity="positive" topic="location-time-arrival" mode="decl">
you arrive in Birmingham New Street at 15:42 <backchannel content="yes" /> <punc type="stop" />
</decl>
<decl n="102" sp-act="state" polarity="positive" topic="time-location-enum-arrival" mode="decl">
then you depart Birmingham New Street at 16:06 to arrive in Leicester at 17:01 <punc type="stop" />
</decl>
</turn>
<turn n="46" speaker="B">
<dm n="103" sp-act="approve">
lovely <punc type="stop" />
</dm>
</turn>
<turn n="47" speaker="A">
<dm n="104" sp-act="init">
now <punct type="level" />
</dm>
<decl n="105" sp-act="predict" polarity="positive" topic="number-journey-date" mode="benefit-decl">
the dates times and seat numbers will be printed on the tickets for you <backchannel content="yes" /> <punc type="stop" />
</decl>
<decl n="106" sp-act="state" polarity="positive" topic="fare-enum" mode="decl">
the total cost is 83 pounds return <punc type="stop" />
</decl>
</turn>
<turn n="48" speaker="B">
<yes n="107" sp-act="acknowledge">
yes <punc type="stop" />
</yes>
</turn>
<turn n="49" speaker="A">
<dm n="108" sp-act="init">
now <punct type="level" />
</dm>
<frag n="109" sp-act="refer" polarity="positive" topic="fare-journey" mode="partial-decl">
with the Super Advance ticket <punc type="stop" />
</frag>
<decl n="110" sp-act="stateConstraint" polarity="positive" topic="booking-date" mode="constrain-decl">
you must stick to the dates and the times that you book <punc type="stop" />
</decl>
</turn>
<turn n="50" speaker="B">
<dm n="111" sp-act="exclaim">
oh
</dm>
<yes n="112" sp-act="acknowledge" polarity="positive" mode="decl">
yes <punc type="stop" />
</yes>
</turn>
<turn n="51" speaker="A">
<decl n="113" sp-act="stateCondition" polarity="positive" topic="cancel" mode="constrain-condition-frag">
if you have to cancel however <punc type="level" />
</decl>
<decl n="114" sp-act="stateCondition" polarity="positive" topic="time-journey-enum-day-cancel" mode="condition-frag">
<pause /> if you cancel by 2 o'clock the day before travel <backchannel content="yes" /> <punc type="level" />
</decl>
<decl n="115" sp-act="state" polarity="positive" topic="fare-refund-enum" mode="decl">
it's a full refund less 5 pounds admin charge <punc type="stop" />
</decl>
</turn>
<turn n="52" speaker="B">
<dm n="116" sp-act="acknowledge" mode="awareness">
i see <punc type="stop" />
</dm>
</turn>
<turn n="53" speaker="A">
<decl n="117" sp-act="stateCondition" polarity="positive" topic="time-enum" mode="condition-frag">
if it's after the 2 o'clock deadline <punc type="level" />
</decl>
<frag n="118" sp-act="refer" polarity="positive" topic="time-departure" mode="constrain-frag">
but before departure time of the train <punc type="level" />
</frag>
<decl n="119" sp-act="state" polarity="positive" topic="enum-fare-refund" mode="decl">
it's a 50 percent refund less 5 pounds <punc type="stop" />
</decl>
</turn>
<turn n="54" speaker="B">
<dm n="120" sp-act="acknowledge" mode="awareness">
i see <punc type="stop" />
</dm>
</turn>
<turn n="55" speaker="A">
<decl n="121" sp-act="stateCondition" polarity="positive" topic="journey" mode="constrain-condition-frag">
and if you needed to change any of the times of travel <punc type="level" />
</decl>
<decl n="122" sp-act="stateConstraint" polarity="positive" topic="time-journey-enum-day" mode="constrain-decl">
you must do so by 2 o'clock the day before travel as well <punc type="stop" />
</decl>
<frag n="123" sp-act="refer" polarity="positive" topic="fare-availability-journey-enum" mode="constrain-decl">
subject to availability and 5 pounds charge per ticket <punc type="stop" />
</frag>
</turn>
<turn n="56" speaker="B">
<dm n="124" sp-act="acknowledge">
right  <punc type="stop" />
</dm>
<yes n="125" sp-act="acknowledge">
<overlap type="start" /> yes <punc type="stop" />
</yes>
</turn>
<turn n="57" speaker="A">
<dm n="126" sp-act="init">
now <punct type="level" />
</dm>
<frag n="127" sp-act="direct-refer" polarity="positive" topic="name" mode="request-query">
<overlap type="end" /> your surname please <punc type="query" />
</frag>
</turn>
<turn n="58" speaker="B">
<decl n="128" sp-act="state" polarity="positive" mode="decl">
<pause /> it's <anonym type="letter" /> <anonym type="letter" /> <anonym type="letter" /> <anonym type="letter" /> <anonym type="name" /> <punc type="stop" />
</decl>
</turn>
<turn n="59" speaker="A">
<frag n="129" sp-act="reqInfo" polarity="positive" topic="name" mode="query">
and your initial <punc type="query" />
</frag>
</turn>
<turn n="60" speaker="B">
<frag n="130" sp-act="answer-refer" polarity="positive" mode="decl">
<anonym type="letter" /> <anonym type="letter" /> <punc type="stop" />
</frag>
</turn>
<turn n="61" speaker="A">
<frag n="131" sp-act="direct-refer" polarity="positive" topic="name" mode="request-query">
and your title please <punc type="query" />
</frag>
</turn>
<turn n="62" speaker="B">
<frag n="132" sp-act="refer" polarity="positive" mode="decl">
Mrs <punc type="stop" />
</frag>
</turn>
<turn n="63" speaker="A">
<frag n="133" sp-act="reqInfo" polarity="positive" topic="telephone-number" mode="query">
and your contact telephone number <punc type="query" />
</frag>
</turn>
<turn n="64" speaker="B">
<frag n="134" sp-act="answer-refer" polarity="positive" topic="enum" mode="decl">
2 <punc type="stop" />
</frag>
<dm n="135" sp-act="hesitate">
er
</dm>
<frag n="136" sp-act="refer" polarity="positive" topic="enum" mode="frag">
0 1 7 <punc type="level" />
</frag>
</turn>
<turn n="65" speaker="A">
<frag n="137" sp-act="echo-refer" polarity="positive" topic="enum" mode="frag">
0 1 7 <punc type="level" />
</frag>
</turn>
<turn n="66" speaker="B">
<frag n="138" sp-act="refer" polarity="positive" topic="enum" mode="frag">
4 <punc type="level" />
</frag>
</turn>
<turn n="67" speaker="A">
<frag n="139" sp-act="echo-refer" polarity="positive" topic="enum" mode="frag">
<overlap type="start" /> 4 <punc type="level" />
</frag>
</turn>
<turn n="68" speaker="B">
<frag n="140" sp-act="refer" polarity="positive" topic="enum" mode="frag">
2 <overlap type="end" /> <punc type="level" />
</frag>
</turn>
<turn n="69" speaker="A">
<frag n="141" sp-act="echo-refer" polarity="positive" topic="enum" mode="frag">
2 <punc type="level" />
</frag>
</turn>
<turn n="70" speaker="B">
<frag n="142" sp-act="refer" polarity="positive" mode="frag">
double 6 <punc type="level" />
</frag>
</turn>
<turn n="71" speaker="A">
<frag n="143" sp-act="echo-refer" polarity="positive" mode="frag">
double 6 <punc type="level" />
</frag>
</turn>
<turn n="72" speaker="B">
<frag n="144" sp-act="refer" polarity="positive" topic="enum" mode="decl">
6 0 <punc type="stop" />
</frag>
</turn>
<turn n="73" speaker="A">
<frag n="145" sp-act="echo-refer" polarity="positive" topic="enum" mode="decl">
6 zero <punc type="stop" />
</frag>
</turn>
<turn n="74" speaker="B">
<frag n="146" sp-act="refer" polarity="positive" topic="enum" mode="decl">
1 4 <punc type="stop" />
</frag>
</turn>
<turn n="75" speaker="A">
<frag n="147" sp-act="echo-refer" polarity="positive" topic="enum" mode="decl">
1 4 <punc type="stop" />
</frag>
<decl n="148" sp-act="reqInfo" polarity="positive" topic="creditcard-address" mode="query">
and the postcode to where the credit card is registered to <punc type="query" />
</decl>
</turn>
<turn n="76" speaker="B">
<frag n="149" sp-act="answer-state" polarity="positive" mode="frag">
is <anonym type="letter" /> <anonym type="letter" /> 16 <punc type="level" />
</frag>
</turn>
<turn n="77" speaker="A">
<dm n="150" sp-act="acknowledge">
aha <punc type="stop" />
</dm>
</turn>
<turn n="78" speaker="B">
<frag n="151" sp-act="refer" polarity="positive" topic="enum" mode="decl">
2 <anonym type="letter" /> <anonym type="letter" /> <punc type="stop" />
</frag>
</turn>
<turn n="79" speaker="A">
<frag n="152" sp-act="reqConfirm" polarity="positive" mode="decl">
<anonym type="letter" /> for <anonym type="alpha" /> <punc type="stop" />
</frag>
</turn>
<turn n="80" speaker="B">
<yes n="153" sp-act="confirm-acknowledge">
yes <punc type="stop" />
</yes>
</turn>
<turn n="81" speaker="A">
<imp n="154" sp-act="direct" polarity="positive" topic="confirm-address" mode="request-decl">
and confirm that address for me please <punc type="stop" />
</imp>
</turn>
<turn n="82" speaker="B">
<decl n="155" sp-act="state" polarity="positive" topic="enum" mode="frag">
it's 7 2 2 <pause /> <anonym type="street" /> Road <punc type="level" />
</decl>
<frag n="156" sp-act="refer" polarity="positive" topic="location" mode="frag">
Winston <punc type="level" />
</frag>
<frag n="157" sp-act="refer" polarity="positive" mode="decl">
Leicester <punc type="stop" />
</frag>
</turn>
<turn n="83" speaker="A">
<dm n="158" sp-act="init">
now <punct type="level" />
</dm>
<decl n="159" sp-act="predict" polarity="positive" topic="number-journey" mode="decl">
that's where the two tickets will be posted out to <punc type="stop" />
</decl>
</turn>
<turn n="84" speaker="B">
<frag n="160" sp-act="thank" polarity="positive" mode="thank-decl">
thank you <punc type="stop" />
</frag>
</turn>
<turn n="85" speaker="A">
<dm n="161" sp-act="init">
now <punct type="level" />
</dm>
<q-wh n="162" sp-act="reqInfo" polarity="positive" topic="creditcard" mode="open-query">
what type of credit card is that you hold <punc type="query" />
</q-wh>
</turn>
<turn n="86" speaker="B">
<decl n="163" sp-act="answer-state" polarity="positive" topic="creditcard" mode="decl">
it's a Visa <punc type="stop" />
</decl>
</turn>
<turn n="87" speaker="A">
<frag n="164" sp-act="direct-refer" polarity="positive" topic="number-creditcard" mode="request-query">
and the long number across the Visa please <punc type="query" />
</frag>
</turn>
<turn n="88" speaker="B">
<dm n="165" sp-act="hesitate">
em
</dm>
<frag n="166" sp-act="state" polarity="positive" topic="enum" mode="frag">
is er 1 6 <pause /> 4 7 <punc type="level" />
</frag>
</turn>
<turn n="89" speaker="A">
<frag n="167" sp-act="echo-refer" polarity="positive" topic="enum" mode="frag">
1 6 4 7 <punc type="level" />
</frag>
</turn>
<turn n="90" speaker="B">
<frag n="168" sp-act="echo-refer" polarity="positive" topic="enum" mode="frag">
6 4 <punc type="level" />
</frag>
</turn>
<turn n="91" speaker="A">
<frag n="169" sp-act="echo-refer" polarity="positive" topic="enum" mode="frag">
6 4 <punc type="level" />
</frag>
</turn>
<turn n="92" speaker="B">
<frag n="170" sp-act="refer" polarity="positive" topic="enum" mode="frag">
0 1 <punc type="level" />
</frag>
</turn>
<turn n="93" speaker="A">
<frag n="171" sp-act="echo-refer" polarity="positive" topic="enum" mode="frag">
0 1 <punc type="level" />
</frag>
</turn>
<turn n="94" speaker="B">
<frag n="172" sp-act="refer" polarity="positive" topic="enum" mode="frag">
7 8 <punc type="level" />
</frag>
</turn>
<turn n="95" speaker="A">
<frag n="173" sp-act="echo-refer" polarity="positive" topic="enum" mode="frag">
7 8 <punc type="level" />
</frag>
</turn>
<turn n="96" speaker="B">
<frag n="174" sp-act="refer" polarity="positive" topic="enum" mode="frag">
7 1 <punc type="level" />
</frag>
</turn>
<turn n="97" speaker="A">
<frag n="175" sp-act="echo-refer" polarity="positive" topic="enum" mode="frag">
7 1 <punc type="level" />
</frag>
</turn>
<turn n="98" speaker="B">
<frag n="176" sp-act="refer" polarity="positive" topic="enum" mode="frag">
0 <punc type="level" />
</frag>
</turn>
<turn n="99" speaker="A">
<frag n="177" sp-act="echo-refer" polarity="positive" topic="enum" mode="frag">
0 <punc type="level" />
</frag>
</turn>
<turn n="100" speaker="B">
<frag n="178" sp-act="refer" polarity="positive" topic="enum" mode="decl">
4 4 4 <punc type="stop" />
</frag>
</turn>
<turn n="101" speaker="A">
<frag n="179" sp-act="echo-refer" polarity="positive" topic="enum" mode="decl">
4 4 4 <punc type="stop" />
</frag>
<frag n="180" sp-act="reqInfo" polarity="positive" topic="creditcard" mode="query">
and your expiry date <punc type="query" />
</frag>
</turn>
<turn n="102" speaker="B">
<decl n="181" sp-act="answer-state" polarity="positive" mode="decl-disflu">
it it's it's er the 10th of er 98 <punc type="stop" />
</decl>
</turn>
<turn n="103" speaker="A">
<decl n="182" sp-act="state" polarity="positive" mode="decl">
the 10th 98 <punc type="stop" />
</decl>
<dm n="183" sp-act="init">
now <punct type="level" />
</dm>
<decl n="184" sp-act="predict" polarity="positive" topic="booking-fare-enum" mode="decl">
83 pounds will be debited from that card <punc type="stop" />
</decl>
</turn>
<turn n="104" speaker="B">
<yes n="185" sp-act="acknowledge">
yes <punc type="stop" />
</yes>
</turn>
<turn n="105" speaker="A">
<q-yn n="186" sp-act="reqInfo" polarity="positive" mode="closed-query">
do you have a pen handy <punc type="query" />
</q-yn>
</turn>
<turn n="106" speaker="B">
<frag n="187" sp-act="reqConfirm" polarity="positive" mode="query">
a pen <punc type="query" />
</frag>
</turn>
<turn n="107" speaker="A">
<yes n="188" sp-act="confirm-acknowledge">
yes <punc type="stop" />
</yes>
</turn>
<turn n="108" speaker="B">
<no n="189" sp-act="negate">
no <punc type="stop" />
</no>
<frag n="190" sp-act="refer" polarity="negative" mode="decl">
not at the moment <punc type="stop" />
</frag>
<dm n="191" sp-act="exclaim">
oh
</dm>
<dm n="192" sp-act="hesitate">
er
</dm>
<dm n="193" sp-act="exclaim">
<pause /> oh
</dm>
<frag n="194" sp-act="refer" polarity="positive" mode="decl">
quickly <punc type="stop" />
</frag>
</turn>
<turn n="109" speaker="A">
<dm n="195" sp-act="acknowledge">
ok <punc type="stop" />
</dm>
</turn>
<turn n="110" speaker="B">
<dm n="196" sp-act="init">
<pause length="2s" /> right <punc type="stop" />
</dm>
<decl n="197" sp-act="state" polarity="positive" topic="number" mode="exists-decl">
i've got one now <punc type="stop" />
</decl>
</turn>
<turn n="111" speaker="A">
<dm n="198" sp-act="init">
now <punct type="level" />
</dm>
<decl n="199" sp-act="state" polarity="positive" topic="booking-number-journey" mode="decl">
this is the reference number that your tickets have been booked <overlap type="start" /> under <punc type="stop" />
</decl>
</turn>
<turn n="112" speaker="B">
<dm n="200" sp-act="acknowledge">
right <overlap type="end" /> <punc type="stop" />
</dm>
<frag n="201" sp-act="thank" polarity="positive" mode="thank-decl">
thank you <punc type="stop" />
</frag>
</turn>
<turn n="113" speaker="A">
<decl n="202" sp-act="state" polarity="positive" topic="enum" mode="frag">
and it's 8 4 2 <punc type="level" />
</decl>
</turn>
<turn n="114" speaker="B">
<frag n="203" sp-act="echo-refer" polarity="positive" topic="enum" mode="frag">
8 4 2 <punc type="level" />
</frag>
</turn>
<turn n="115" speaker="A">
<frag n="204" sp-act="refer" polarity="positive" mode="frag">
<anonym type="letter" /> for <anonym type="alpha" /> <anonym type="letter" /> for <anonym type="alpha" /> <punc type="level" />
</frag>
</turn>
<turn n="116" speaker="B">
<frag n="205" sp-act="echo" polarity="positive" mode="frag">
<anonym type="letter" /> for <anonym type="alpha" /> <punc type="level" />
</frag>
</turn>
<turn n="117" speaker="A">
<frag n="206" sp-act="refer" polarity="positive" mode="frag">
<anonym type="letter" /> for <anonym type="alpha" /> <punc type="level" />
</frag>
</turn>
<turn n="118" speaker="B">
<frag n="207" sp-act="echo-refer" polarity="positive" mode="frag">
<anonym type="letter" /> <punc type="level" />
</frag>
</turn>
<turn n="119" speaker="A">
<frag n="208" sp-act="refer" polarity="positive" mode="decl">
<anonym type="letter" /> for <anonym type="alpha" /> <punc type="stop" />
</frag>
</turn>
<turn n="120" speaker="B">
<frag n="209" sp-act="echo-refer" polarity="positive" mode="decl">
<anonym type="letter" /> for <anonym type="alpha" /> <punc type="stop" />
</frag>
</turn>
<turn n="121" speaker="A">
<decl n="210" sp-act="refer" polarity="positive" topic="number" mode="decl">
and the number 2 <punc type="stop" />
</decl>
</turn>
<turn n="122" speaker="B">
<decl n="211" sp-act="refer" polarity="positive" mode="decl">
and the 2 <punc type="stop" />
</decl>
</turn>
<turn n="123" speaker="A">
<dm n="212" sp-act="init">
now <punct type="level" />
</dm>
<decl n="213" sp-act="predict" polarity="positive" topic="journey-time" mode="predict-benefit-decl">
the tickets will go out in the first class post for you this afternoon <punc type="stop" />
</decl>
<frag n="214" sp-act="reqConfirm" polarity="positive" mode="tag-query">
ok <punc type="query" />
</frag>
<address n="215" sp-act="refer" polarity="positive" mode="partial-decl">
Mrs Nunn <punc type="stop" />
</address>
</turn>
<turn n="124" speaker="B">
<frag n="216" sp-act="confirm-thank" polarity="positive" mode="thank-decl">
thank you <punc type="stop" />
</frag>
<decl n="217" sp-act="elab-stateIntent" polarity="positive" mode="intent-decl">
i'll send these others back now then <punc type="stop" />
</decl>
</turn>
<turn n="125" speaker="A">
<yes n="218" sp-act="acknowledge">
yes <punc type="stop" />
</yes>
<decl n="219" sp-act="state" polarity="positive" topic="address" mode="decl">
just the address <punc type="stop" />
</decl>
<decl n="220" sp-act="state" polarity="positive" topic="journey-time-arrival" mode="decl">
it's on the envelope uh uh enclosed when the tickets arrive <punc type="stop" />
</decl>
</turn>
<turn n="126" speaker="B">
<dm n="221" sp-act="exclaim">
oh
</dm>
<dm n="222" sp-act="acknowledge" polarity="positive" mode="decl">
right then <punc type="stop" />
</dm>
<frag n="223" sp-act="thank" polarity="positive" mode="thank-decl">
thank you very much <punc type="stop" />
</frag>
</turn>
<turn n="127" speaker="A">
<frag n="224" sp-act="thank" polarity="positive" mode="thank-decl">
thank <overlap type="start" /> you calling now <punc type="stop" />
</frag>
</turn>
<turn n="128" speaker="B">
<frag n="225" sp-act="thank" polarity="positive" mode="thank-decl">
thank you now <overlap type="end" /> <punc type="stop" />
</frag>
</turn>
<turn n="129" speaker="A">
<frag n="226" sp-act="bye" mode="farewell-closing">
<overlap type="start" /> bye <punc type="stop" />
</frag>
</turn>
<turn n="130" speaker="B">
<frag n="227" sp-act="echo-bye" mode="farewell-closing">
bye <overlap type="end" />  <punc type="stop" />
</frag>
</turn>
</dialogue>