<?xml version="1.0"?>
<dialogue corpus="trainline" lang="en" id="17">
<turn n="1" speaker="A">
<frag n="1" sp-act="greet" mode="greet-opening">
good afternoon <punc type="stop" />
</frag>
<frag n="2" sp-act="refer" polarity="positive" mode="frag">
Virgin trainlines <punc type="level" />
</frag>
<frag n="3" sp-act="identifySelf" polarity="positive" mode="intro-partial-decl">
Sandra speaking <punc type="stop" />
</frag>
<q-wh n="4" sp-act="reqDirect" polarity="positive" topic="journey" mode="preference2-open-query">
for which journey do you wish to purchase a ticket <punc type="query" />
</q-wh>
</turn>
<turn n="2" speaker="B">
<dm n="5" sp-act="hesitate">
erm
</dm>
<frag n="6" sp-act="direct-refer" polarity="positive" topic="location-to" mode="decl">
Birmingham to Euston <unclear length="1 syllables" /> <punc type="stop" />
</frag>
</turn>
<turn n="3" speaker="A">
<dm n="7" sp-act="init">
now <punct type="level" />
</dm>
<q-yn n="8" sp-act="reqInfo" polarity="positive" topic="location" mode="closed-query">
is that Birmingham New Street <punc type="query" />
</q-yn>
</turn>
<turn n="4" speaker="B">
<yes n="9" sp-act="answer-acknowledge">
yes <punc type="stop" />
</yes>
</turn>
<turn n="5" speaker="A">
<q-yn n="10" sp-act="reqInfo-abandon" polarity="positive" mode="tag-closed-abandon">
and is it <punc type="incomplete" />
</q-yn>
<q-yn n="11" sp-act="reqInfo" polarity="positive" topic="creditcard" mode="alternative-closed-query">
<pause /> do you hold a current debit or credit card <punc type="query" />
</q-yn>
</turn>
<turn n="6" speaker="B">
<dm n="12" sp-act="hesitate">
er
</dm>
<frag n="13" sp-act="answer-refer" polarity="positive" topic="creditcard" mode="decl">
debit card <punc type="stop" />
</frag>
</turn>
<turn n="7" speaker="A">
<q-wh n="14" sp-act="reqInfo" polarity="positive" topic="number-journey" mode="query-open-query">
and <pause /> how many people's travelling <punc type="query" />
</q-wh>
</turn>
<turn n="8" speaker="B">
<frag n="15" sp-act="answer-refer" polarity="positive" topic="number" mode="decl">
just 1 <punc type="stop" />
</frag>
</turn>
<turn n="9" speaker="A">
<q-yn n="16" sp-act="reqInfo" polarity="positive" topic="railcard" mode="closed-query">
do you have a railcard at all <punc type="query" />
</q-yn>
</turn>
<turn n="10" speaker="B">
<no n="17" sp-act="answer-negate">
no <punc type="stop" />
</no>
<decl n="18" sp-act="elab-state" polarity="negative" mode="report-decl">
i don't <punc type="stop" />
</decl>
</turn>
<turn n="11" speaker="A">
<q-wh n="19" sp-act="reqConfirm-abandon" polarity="positive" mode="interruption">
and what <punc type="incomplete" />
</q-wh>
</turn>
<turn n="12" speaker="B">
<decl n="20" sp-act="confirm-state" polarity="positive" topic="fare-journey" mode="decl-disflu">
i... it's just a Single ticket <punc type="stop" />
</decl>
</turn>
<turn n="13" speaker="A">
<q-wh n="21" sp-act="reqInfo" polarity="positive" topic="journey-date" mode="open-query">
and what date is it you're travelling <punc type="query" />
</q-wh>
</turn>
<turn n="14" speaker="B">
<frag n="22" sp-act="answer-refer" polarity="positive" mode="decl">
10th <punc type="stop" />
</frag>
<frag n="23" sp-act="elab-refer" polarity="positive" topic="day" mode="decl">
Saturday the 10th <punc type="stop" />
</frag>
<decl n="24" sp-act="expressOpinion" polarity="positive" mode="opinion-decl">
<pause /> i think it's the 10th anyway <punc type="stop" />
</decl>
</turn>
<turn n="15" speaker="A">
<yes n="25" sp-act="acknowledge">
yes <punc type="stop" />
</yes>
<frag n="26" sp-act="echo-refer" polarity="positive" topic="day" mode="decl">
Saturday <overlap type="start" /> the 10th <punc type="stop" />
</frag>
</turn>
<turn n="16" speaker="B">
<yes n="27" sp-act="acknowledge">
yeah <overlap type="end" /> <punc type="stop" />
</yes>
</turn>
<turn n="17" speaker="A">
<frag n="28" sp-act="reqConfirm" polarity="positive" topic="month" mode="partial-query">
of October <punc type="query" />
</frag>
</turn>
<turn n="18" speaker="B">
<dm n="29" sp-act="confirm-acknowledge">
mhm <punc type="stop" />
</dm>
</turn>
<turn n="19" speaker="A">
<dm n="30" sp-act="init">
now <punct type="level" /> <punc type="stop" />
</dm>
<q-wh n="31" sp-act="reqDirect" polarity="positive" topic="location-time-from" mode="preference2-open-query">
what time would you like to depart from Birmingham New Street <punc type="query" />
</q-wh>
</turn>
<turn n="20" speaker="B">
<q-yn n="32" sp-act="reqInfo" polarity="positive" mode="closed-query">
do you have the times <pause /> in front of you <punc type="query" />
</q-yn>
</turn>
<turn n="21" speaker="A">
<q-yn n="33" sp-act="reqInfo" polarity="positive" topic="time-departure" mode="alternative-closed-query">
was it a morning or afternoon departure <punc type="query" />
</q-yn>
</turn>
<turn n="22" speaker="B">
<frag n="34" sp-act="answer-refer" polarity="positive" topic="time" mode="opinion-probability-decl">
probably afternoon <punc type="stop" />
</frag>
</turn>
<turn n="23" speaker="A">
<decl n="35" sp-act="state" polarity="positive" topic="time" mode="decl">
the trains run at quarter past and quarter to the hour <punc type="stop" />
</decl>
</turn>
<turn n="24" speaker="B">
<frag n="36" sp-act="echo-refer" polarity="positive" topic="time" mode="frag">
quarter past and quarter to the hour <pause /> <punc type="level" />
</frag>
<decl n="37" sp-act="stateCondition" polarity="positive" topic="booking-journey" mode="condition-frag">
if i book a ticket <punc type="level" />
</decl>
<q-yn n="38" sp-act="reqInfo" polarity="positive" topic="time" mode="closed-decl">
does it have a specific time that i get on <punc type="stop" />
</q-yn>
</turn>
<turn n="25" speaker="A">
<frag n="39" sp-act="answer-uninterpretable" polarity="positive" topic="fare-journey" mode="decl">
<pause /> <unclear length="5 syllables" /> purchase ticket <punc type="stop" />
</frag>
<yes n="40" sp-act="elab-acknowledge">
yes <punc type="stop" />
</yes>
<decl n="41" sp-act="state" polarity="positive" mode="decl">
you do <punc type="stop" />
</decl>
</turn>
<turn n="26" speaker="B">
<dm n="42" sp-act="acknowledge">
mhm <punc type="stop" />
</dm>
</turn>
<turn n="27" speaker="A">
<decl n="43" sp-act="state" polarity="positive" topic="fare-enum" mode="decl">
the cheapest Single fare is 7 pounds <punc type="stop" />
</decl>
<decl n="44" sp-act="state" polarity="positive" topic="fare" mode="decl">
and that's your Virgin Value Single <punc type="stop" />
</decl>
</turn>
<turn n="28" speaker="B">
<dm n="45" sp-act="acknowledge">
mhm <punc type="stop" />
</dm>
</turn>
<turn n="29" speaker="A">
<decl n="46" sp-act="stateConstraint" polarity="positive" topic="booking-time-date" mode="constrain-decl">
but you've got to stick to the date and time that you book <punc type="stop" />
</decl>
</turn>
<turn n="30" speaker="B">
<dm n="47" sp-act="acknowledge" mode="tag">
ok <pause /> <punc type="stop" />
</dm>
<dm n="48" sp-act="hesitate">
erm <pause length="2s" /> 
</dm>
<q-wh n="49" sp-act="reqInfo" polarity="positive" topic="number" mode="query-open-query">
how many hours <punc type="query" />
</q-wh>
<dm n="50" sp-act="phatic">
i mean <punc type="level" />
</dm>
<q-wh n="51" sp-act="reqInfo" polarity="positive" topic="journey" mode="tag-open-query">
how long's the journey <punc type="query" />
</q-wh>
</turn>
<turn n="31" speaker="A">
<decl n="52" sp-act="answer-state-abandon" polarity="positive" mode="abandon">
<pause length="2s" /> you're talking about <punc type="incomplete" />
</decl>
<decl n="53" sp-act="elab-state" polarity="positive" topic="time-enum" mode="decl">
<pause /> it's about an hour and 3 quarters <punc type="stop" />
</decl>
</turn>
<turn n="32" speaker="B">
<frag n="54" sp-act="state" polarity="positive" topic="enum" mode="decl">
<unclear length="3 syllables" /> 2 hours <punc type="stop" />
</frag>
</turn>
<turn n="33" speaker="A">
<yes n="55" sp-act="acknowledge">
yeah <punc type="stop" />
</yes>
</turn>
<turn n="34" speaker="B">
<dm n="56" sp-act="acknowledge" mode="tag">
ok <pause /> <punc type="stop" />
</dm>
<frag n="57" sp-act="direct-referCondition" polarity="positive" topic="time-enum" mode="request-condition-decl">
if erm <pause length="3s" /> something around 1 o'clock <pause /> please <punc type="stop" />
</frag>
</turn>
<turn n="35" speaker="A">
<frag n="58" sp-act="echo-state" polarity="positive" topic="time-enum" mode="decl">
1 o'clock <pause length="4s" /> <punc type="stop" />
</frag>
<dm n="59" sp-act="init">
now <punct type="level" />
</dm>
<decl n="60" sp-act="state" polarity="positive" topic="location-time-from-enum" mode="exists-decl">
there's a train at 13:15 from Birmingham New Street <punc type="stop" />
</decl>
<decl n="61" sp-act="state" polarity="positive" topic="location-time-enum-arrival" mode="decl">
<pause /> you arrive in London Euston at 15 hundred <punc type="stop" />
</decl>
</turn>
<turn n="36" speaker="B">
<dm n="62" sp-act="hesitate">
<pause /> erm
</dm>
<yes n="63" sp-act="acknowledge">
<pause /> yeah <punc type="stop" />
</yes>
<decl n="64" sp-act="approve" polarity="positive" mode="decl">
that sounds fine <punc type="stop" />
</decl>
</turn>
<turn n="37" speaker="A">
<decl n="65" sp-act="reqConfirm" polarity="positive" topic="booking-journey" mode="benefit-query">
you want me to book that ticket <overlap type="start" /> for you <punc type="query" />
</decl>
</turn>
<turn n="38" speaker="B">
<frag n="66" sp-act="confirm-direct" polarity="positive" mode="request-decl">
please <punc type="stop" />
</frag>
<yes n="67" sp-act="elab-acknowledge">
<overlap type="end" /> yeah <punc type="stop" />
</yes>
</turn>
<turn n="39" speaker="A">
<decl n="68" sp-act="state" polarity="positive" topic="fare-enum" mode="benefit-decl">
and that's 7 pounds for your Single <punc type="stop" />
</decl>
</turn>
<turn n="40" speaker="B">
<dm n="69" sp-act="acknowledge">
mhm <punc type="stop" />
</dm>
</turn>
<turn n="41" speaker="A">
<dm n="70" sp-act="init">
now <punct type="level" />
</dm>
<q-yn n="71" sp-act="reqDirect" polarity="positive" topic="seat" mode="alternative-preference2-closed-query">
would you like smoking or non-smoking <punc type="query" />
</q-yn>
</turn>
<turn n="42" speaker="B">
<frag n="72" sp-act="direct-refer" polarity="positive" topic="seat" mode="request-decl">
non-smoking please <punc type="stop" />
</frag>
</turn>
<turn n="43" speaker="A">
<dm n="73" sp-act="init">
now <punct type="level" /> <punc type="stop" />
</dm>
<q-yn n="74" sp-act="reqInfo" polarity="positive" topic="booking-seat" mode="closed-query">
do you have any seat preference <punc type="query" />
</q-yn>
</turn>
<turn n="44" speaker="B">
<dm n="75" sp-act="hesitate">
er <pause length="2s" /> 
</dm>
<frag n="76" sp-act="answer-direct-refer" polarity="positive" mode="request-decl">
by the window please <punc type="stop" />
</frag>
</turn>
<turn n="45" speaker="A">
<dm n="77" sp-act="pardon" mode="regret">
<pause /> sorry <punc type="query" />
</dm>
</turn>
<turn n="46" speaker="B">
<dm n="78" sp-act="init">
well <punct type="level" />
</dm>
<q-wh n="79" sp-act="reqInfo" polarity="positive" mode="query-open-query">
what do you mean <punc type="query" />
</q-wh>
</turn>
<turn n="47" speaker="A">
<q-wh n="80" sp-act="reqInfo" polarity="positive" mode="tag-open-query">
what is it <punc type="query" />
</q-wh>
<decl n="81" sp-act="reqInfo" polarity="positive" topic="seat" mode="query">
forward facing <punc type="query" />
</decl>
</turn>
<turn n="48" speaker="B">
<dm n="82" sp-act="hesitate">
erm
</dm>
<yes n="83" sp-act="answer-state">
yes <punc type="stop" />
</yes>
<decl n="84" sp-act="echo-refer" polarity="positive" topic="seat" mode="decl">
forward facing <punc type="stop" />
</decl>
<frag n="85" sp-act="thank" mode="thank">
thanks <punc type="stop" />
</frag>
</turn>
<turn n="49" speaker="A">
<dm n="86" sp-act="init">
now <punct type="level" />
</dm>
<decl n="87" sp-act="state" polarity="positive" topic="month-date" mode="decl">
it's the 10th of October <punc type="stop" />
</decl>
<frag n="88" sp-act="refer" polarity="positive" topic="day" mode="decl">
Saturday <punc type="stop" />
</frag>
<decl n="89" sp-act="state" polarity="positive" topic="location-journey-time-from" mode="frag">
<pause /> you're travelling from Birmingham New Street at 13:15 <punc type="level" />
</decl>
<frag n="90" sp-act="state" polarity="positive" topic="location-time-enum-arrival" mode="partial-decl">
arriving London Euston at 15 hundred <punc type="stop" />
</frag>
</turn>
<turn n="50" speaker="B">
<yes n="91" sp-act="acknowledge">
yeah <punc type="stop" />
</yes>
</turn>
<turn n="51" speaker="A">
<decl n="92" sp-act="stateConstraint" polarity="positive" topic="booking-journey-time-date" mode="report-constrain-decl">
and you must stick to the date and the time that you've booked with this kind of ticket <punc type="stop" />
</decl>
</turn>
<turn n="52" speaker="B">
<dm n="93" sp-act="acknowledge">
mhm <punc type="stop" />
</dm>
</turn>
<turn n="53" speaker="A">
<frag n="94" sp-act="direct-refer" polarity="positive" topic="name" mode="request-query">
and your surname please <punc type="query" />
</frag>
</turn>
<turn n="54" speaker="B">
<decl n="95" sp-act="state" polarity="positive" mode="decl">
it's er <anonym type="letter" /> <anonym type="letter" /> <punc type="stop" />
</decl>
</turn>
<turn n="55" speaker="A">
<frag n="96" sp-act="echo-refer" polarity="positive" mode="decl">
<anonym type="letter" /> for <anonym type="alpha" /> <punc type="stop" />
</frag>
</turn>
<turn n="56" speaker="B">
<yes n="97" sp-act="acknowledge">
yeah <punc type="stop" />
</yes>
</turn>
<turn n="57" speaker="A">
<frag n="98" sp-act="refer" polarity="positive" mode="decl">
<anonym type="letter" /> for <anonym type="alpha" /> <punc type="stop" />
</frag>
</turn>
<turn n="58" speaker="B">
<frag n="99" sp-act="echo-refer" polarity="positive" mode="decl">
<anonym type="letter" /> for <anonym type="alpha" /> <punc type="stop" />
</frag>
</turn>
<turn n="59" speaker="A">
<dm n="100" sp-act="acknowledge">
aha <punc type="stop" />
</dm>
</turn>
<turn n="60" speaker="B">
<frag n="101" sp-act="refer" polarity="positive" mode="decl">
<anonym type="letter" /> for <anonym type="alpha" /> <punc type="stop" />
</frag>
</turn>
<turn n="61" speaker="A">
<dm n="102" sp-act="acknowledge">
aha <punc type="stop" />
</dm>
</turn>
<turn n="62" speaker="B">
<frag n="103" sp-act="refer" polarity="positive" mode="decl">
<anonym type="letter" /> for <anonym type="alpha" /> and <anonym type="letter" /> for <anonym type="alpha" /> <punc type="stop" />
</frag>
</turn>
<turn n="63" speaker="A">
<frag n="104" sp-act="reqInfo" polarity="positive" topic="name" mode="query">
and your initial <punc type="query" />
</frag>
</turn>
<turn n="64" speaker="B">
<frag n="105" sp-act="answer-refer" polarity="positive" mode="decl">
<anonym type="letter" /> for <anonym type="alpha" /> <punc type="stop" />
</frag>
</turn>
<turn n="65" speaker="A">
<frag n="106" sp-act="abandon" polarity="positive" mode="abandon-abandon">
and your t... <punc type="incomplete" />
</frag>
</turn>
</dialogue>